{
  "mean_entropy": 1.6094379425048828,
  "mean_entropy_known": 1.6094379425048828,
  "mean_entropy_outlier": NaN,
  "mean_max_prob_known": 0.20006118714809418,
  "mean_max_prob_outlier": NaN
}