{
  "mean_entropy": 2.2999461701041772,
  "mean_entropy_known": 2.2999461701041772,
  "mean_entropy_outlier": NaN,
  "mean_max_prob_known": 0.11716740833301294,
  "mean_max_prob_outlier": NaN
}