{
  "wall_time_sec": 1.6551282405853271,
  "time_to_best_sec": 1.436223030090332,
  "best_epoch": 43,
  "transfer_mode": false,
  "num_target_samples": 0,
  "best_target_balanced_accuracy": 0.718513931888545,
  "best_target_common_accuracy": 0.6756756756756757
}