{
  "0": {
    "precision": 0.4398148148148148,
    "recall": 1.0,
    "f1-score": 0.6109324758842444,
    "support": 95.0
  },
  "1": {
    "precision": 0.0,
    "recall": 0.0,
    "f1-score": 0.0,
    "support": 95.0
  },
  "2": {
    "precision": 0.0,
    "recall": 0.0,
    "f1-score": 0.0,
    "support": 19.0
  },
  "3": {
    "precision": 0.0,
    "recall": 0.0,
    "f1-score": 0.0,
    "support": 0.0
  },
  "4": {
    "precision": 0.0,
    "recall": 0.0,
    "f1-score": 0.0,
    "support": 19.0
  },
  "micro avg": {
    "precision": 0.4166666666666667,
    "recall": 0.4166666666666667,
    "f1-score": 0.4166666666666667,
    "support": 228.0
  },
  "macro avg": {
    "precision": 0.08796296296296297,
    "recall": 0.2,
    "f1-score": 0.12218649517684887,
    "support": 228.0
  },
  "weighted avg": {
    "precision": 0.18325617283950618,
    "recall": 0.4166666666666667,
    "f1-score": 0.2545551982851018,
    "support": 228.0
  }
}