{
  "0": {
    "precision": 0.3333333333333333,
    "recall": 0.2,
    "f1-score": 0.25,
    "support": 5.0
  },
  "1": {
    "precision": 0.5,
    "recall": 0.8,
    "f1-score": 0.6153846153846154,
    "support": 5.0
  },
  "2": {
    "precision": 0.0,
    "recall": 0.0,
    "f1-score": 0.0,
    "support": 1.0
  },
  "3": {
    "precision": 0.0,
    "recall": 0.0,
    "f1-score": 0.0,
    "support": 0.0
  },
  "4": {
    "precision": 1.0,
    "recall": 1.0,
    "f1-score": 1.0,
    "support": 1.0
  },
  "micro avg": {
    "precision": 0.5,
    "recall": 0.5,
    "f1-score": 0.5,
    "support": 12.0
  },
  "macro avg": {
    "precision": 0.36666666666666664,
    "recall": 0.4,
    "f1-score": 0.3730769230769231,
    "support": 12.0
  },
  "weighted avg": {
    "precision": 0.4305555555555555,
    "recall": 0.5,
    "f1-score": 0.4439102564102564,
    "support": 12.0
  }
}