{
  "mean_entropy": 2.2658192118008933,
  "mean_entropy_known": 2.2658192118008933,
  "mean_entropy_outlier": NaN,
  "mean_max_prob_known": 0.14652619076271853,
  "mean_max_prob_outlier": NaN
}