{
  "wall_time_sec": 3.300663948059082,
  "time_to_best_sec": 2.848397970199585,
  "best_epoch": 43,
  "transfer_mode": true,
  "num_target_samples": 41,
  "best_target_balanced_accuracy": 0.5,
  "best_target_common_accuracy": 0.6666666666666666
}