{
  "0": {
    "precision": 0.8333333333333334,
    "recall": 0.625,
    "f1-score": 0.7142857142857143,
    "support": 8.0
  },
  "1": {
    "precision": 0.75,
    "recall": 0.3,
    "f1-score": 0.4285714285714285,
    "support": 10.0
  },
  "2": {
    "precision": 0.875,
    "recall": 0.875,
    "f1-score": 0.875,
    "support": 16.0
  },
  "3": {
    "precision": 0.4482758620689655,
    "recall": 0.9285714285714286,
    "f1-score": 0.6046511627906977,
    "support": 14.0
  },
  "4": {
    "precision": 0.8888888888888888,
    "recall": 0.5,
    "f1-score": 0.64,
    "support": 16.0
  },
  "accuracy": 0.671875,
  "macro avg": {
    "precision": 0.7590996168582376,
    "recall": 0.6457142857142857,
    "f1-score": 0.6525016611295682,
    "support": 64.0
  },
  "weighted avg": {
    "precision": 0.7603867337164751,
    "recall": 0.671875,
    "f1-score": 0.6672674418604652,
    "support": 64.0
  }
}