split,index,label,pred,max_prob,entropy,is_outlier
target_val,0,3,3,0.38069093227386475,1.483130931854248,False
target_val,1,3,3,0.35948023200035095,1.5415581464767456,False
target_val,2,3,3,0.3576704263687134,1.5393315553665161,False
