{
  "mean_entropy": 1.5213402112325032,
  "mean_entropy_known": 1.5213402112325032,
  "mean_entropy_outlier": NaN,
  "mean_max_prob_known": 0.3659471968809764,
  "mean_max_prob_outlier": NaN
}