{
  "0": {
    "precision": 0.0,
    "recall": 0.0,
    "f1-score": 0.0,
    "support": 152.0
  },
  "1": {
    "precision": 0.15625,
    "recall": 1.0,
    "f1-score": 0.2702702702702703,
    "support": 190.0
  },
  "2": {
    "precision": 0.0,
    "recall": 0.0,
    "f1-score": 0.0,
    "support": 304.0
  },
  "3": {
    "precision": 0.0,
    "recall": 0.0,
    "f1-score": 0.0,
    "support": 266.0
  },
  "4": {
    "precision": 0.0,
    "recall": 0.0,
    "f1-score": 0.0,
    "support": 304.0
  },
  "accuracy": 0.15625,
  "macro avg": {
    "precision": 0.03125,
    "recall": 0.2,
    "f1-score": 0.05405405405405406,
    "support": 1216.0
  },
  "weighted avg": {
    "precision": 0.0244140625,
    "recall": 0.15625,
    "f1-score": 0.042229729729729736,
    "support": 1216.0
  }
}