{
  "mean_entropy": 1.6093642711639404,
  "mean_entropy_known": 1.6093642711639404,
  "mean_entropy_outlier": NaN,
  "mean_max_prob_known": 0.20235931873321533,
  "mean_max_prob_outlier": NaN
}