split,index,label,pred,max_prob,entropy,is_outlier
target_val,0,0,0,0.2399168759584427,2.0303239822387695,False
target_val,1,0,0,0.3054865002632141,2.0993618965148926,False
target_val,2,0,0,0.41535496711730957,1.8720226287841797,False
target_val,3,0,0,0.6907923817634583,1.19524347782135,False
