{
  "mean_entropy": 1.799237996339798,
  "mean_entropy_known": 1.799237996339798,
  "mean_entropy_outlier": NaN,
  "mean_max_prob_known": 0.41288768127560616,
  "mean_max_prob_outlier": NaN
}