{
  "mean_entropy": 2.0141621257076743,
  "mean_entropy_known": 2.006303533209556,
  "mean_entropy_outlier": 2.046098107987262,
  "mean_max_prob_known": 0.27550641661851194,
  "mean_max_prob_outlier": 0.21872697136503585
}