{
  "0": {
    "precision": 0.26666666666666666,
    "recall": 1.0,
    "f1-score": 0.4210526315789474,
    "support": 8.0
  },
  "1": {
    "precision": 0.42105263157894735,
    "recall": 0.8,
    "f1-score": 0.5517241379310345,
    "support": 10.0
  },
  "2": {
    "precision": 0.0,
    "recall": 0.0,
    "f1-score": 0.0,
    "support": 16.0
  },
  "3": {
    "precision": 0.8333333333333334,
    "recall": 0.35714285714285715,
    "f1-score": 0.5,
    "support": 14.0
  },
  "4": {
    "precision": 0.4444444444444444,
    "recall": 0.25,
    "f1-score": 0.32,
    "support": 16.0
  },
  "accuracy": 0.390625,
  "macro avg": {
    "precision": 0.3930994152046784,
    "recall": 0.48142857142857143,
    "f1-score": 0.3585553539019964,
    "support": 64.0
  },
  "weighted avg": {
    "precision": 0.3925255847953217,
    "recall": 0.390625,
    "f1-score": 0.3282134754990926,
    "support": 64.0
  }
}