{
  "0": {
    "precision": 0.0,
    "recall": 0.0,
    "f1-score": 0.0,
    "support": 5.0
  },
  "1": {
    "precision": 0.5555555555555556,
    "recall": 1.0,
    "f1-score": 0.7142857142857143,
    "support": 5.0
  },
  "2": {
    "precision": 0.0,
    "recall": 0.0,
    "f1-score": 0.0,
    "support": 1.0
  },
  "3": {
    "precision": 0.0,
    "recall": 0.0,
    "f1-score": 0.0,
    "support": 0.0
  },
  "4": {
    "precision": 0.0,
    "recall": 0.0,
    "f1-score": 0.0,
    "support": 1.0
  },
  "accuracy": 0.4166666666666667,
  "macro avg": {
    "precision": 0.11111111111111112,
    "recall": 0.2,
    "f1-score": 0.14285714285714285,
    "support": 12.0
  },
  "weighted avg": {
    "precision": 0.23148148148148148,
    "recall": 0.4166666666666667,
    "f1-score": 0.2976190476190476,
    "support": 12.0
  }
}