{
  "mean_entropy": 0.9724966833988825,
  "mean_entropy_known": 0.9724966833988825,
  "mean_entropy_outlier": NaN,
  "mean_max_prob_known": 0.6330865596731504,
  "mean_max_prob_outlier": NaN
}