split,index,label,pred,max_prob,entropy,is_outlier
target_val,0,0,3,0.2549893260002136,1.5924402475357056,False
target_val,1,0,3,0.2530178427696228,1.5929337739944458,False
target_val,2,0,3,0.2540030777454376,1.5945994853973389,False
target_val,3,0,3,0.24696215987205505,1.5965874195098877,False
