{
  "mean_entropy": 1.5941402316093445,
  "mean_entropy_known": 1.5941402316093445,
  "mean_entropy_outlier": NaN,
  "mean_max_prob_known": 0.2522431015968323,
  "mean_max_prob_outlier": NaN
}