{
  "0": {
    "precision": 0.4,
    "recall": 0.75,
    "f1-score": 0.5217391304347827,
    "support": 8.0
  },
  "1": {
    "precision": 0.2962962962962963,
    "recall": 0.8,
    "f1-score": 0.43243243243243246,
    "support": 10.0
  },
  "2": {
    "precision": 0.8,
    "recall": 0.25,
    "f1-score": 0.38095238095238093,
    "support": 16.0
  },
  "3": {
    "precision": 0.5294117647058824,
    "recall": 0.6428571428571429,
    "f1-score": 0.5806451612903226,
    "support": 14.0
  },
  "4": {
    "precision": 0.0,
    "recall": 0.0,
    "f1-score": 0.0,
    "support": 16.0
  },
  "accuracy": 0.421875,
  "macro avg": {
    "precision": 0.40514161220043576,
    "recall": 0.4885714285714286,
    "f1-score": 0.3831538210219837,
    "support": 64.0
  },
  "weighted avg": {
    "precision": 0.4121051198257081,
    "recall": 0.421875,
    "f1-score": 0.3550391831422687,
    "support": 64.0
  }
}