{
  "mean_entropy": 1.2482449213663738,
  "mean_entropy_known": 1.2482449213663738,
  "mean_entropy_outlier": NaN,
  "mean_max_prob_known": 0.5396768450737,
  "mean_max_prob_outlier": NaN
}