split,index,label,pred,max_prob,entropy,is_outlier
target_val,0,3,0,0.52949059009552,1.2519152164459229,False
target_val,1,3,0,0.5472875833511353,1.243626594543457,False
target_val,2,3,0,0.5422523617744446,1.2491929531097412,False
