{
  "0": {
    "precision": 0.0,
    "recall": 0.0,
    "f1-score": 0.0,
    "support": 0.0
  },
  "1": {
    "precision": 0.88,
    "recall": 0.9166666666666666,
    "f1-score": 0.8979591836734694,
    "support": 24.0
  },
  "2": {
    "precision": 0.92,
    "recall": 1.0,
    "f1-score": 0.9583333333333334,
    "support": 23.0
  },
  "3": {
    "precision": 0.47619047619047616,
    "recall": 0.8333333333333334,
    "f1-score": 0.6060606060606061,
    "support": 24.0
  },
  "4": {
    "precision": 0.8571428571428571,
    "recall": 0.5,
    "f1-score": 0.631578947368421,
    "support": 24.0
  },
  "5": {
    "precision": 0.0,
    "recall": 0.0,
    "f1-score": 0.0,
    "support": 0.0
  },
  "6": {
    "precision": 0.0,
    "recall": 0.0,
    "f1-score": 0.0,
    "support": 24.0
  },
  "7": {
    "precision": 0.65625,
    "recall": 0.9130434782608695,
    "f1-score": 0.7636363636363634,
    "support": 23.0
  },
  "8": {
    "precision": 0.8571428571428571,
    "recall": 1.0,
    "f1-score": 0.923076923076923,
    "support": 24.0
  },
  "micro avg": {
    "precision": 0.7349397590361446,
    "recall": 0.7349397590361446,
    "f1-score": 0.7349397590361445,
    "support": 166.0
  },
  "macro avg": {
    "precision": 0.5163029100529101,
    "recall": 0.5736714975845411,
    "f1-score": 0.5311828174610129,
    "support": 166.0
  },
  "weighted avg": {
    "precision": 0.6623203528399312,
    "recall": 0.7349397590361446,
    "f1-score": 0.6808043305699344,
    "support": 166.0
  }
}