{
  "0": {
    "precision": 0.0,
    "recall": 0.0,
    "f1-score": 0.0,
    "support": 48.0
  },
  "1": {
    "precision": 0.6842105263157895,
    "recall": 0.5652173913043478,
    "f1-score": 0.6190476190476191,
    "support": 23.0
  },
  "2": {
    "precision": 0.8,
    "recall": 0.8333333333333334,
    "f1-score": 0.816326530612245,
    "support": 24.0
  },
  "3": {
    "precision": 0.5,
    "recall": 0.25,
    "f1-score": 0.3333333333333333,
    "support": 24.0
  },
  "4": {
    "precision": 0.15384615384615385,
    "recall": 0.5833333333333334,
    "f1-score": 0.24347826086956523,
    "support": 24.0
  },
  "5": {
    "precision": 0.0,
    "recall": 0.0,
    "f1-score": 0.0,
    "support": 23.0
  },
  "6": {
    "precision": 0.0,
    "recall": 0.0,
    "f1-score": 0.0,
    "support": 24.0
  },
  "7": {
    "precision": 0.38,
    "recall": 0.7916666666666666,
    "f1-score": 0.5135135135135135,
    "support": 24.0
  },
  "8": {
    "precision": 0.5853658536585366,
    "recall": 1.0,
    "f1-score": 0.7384615384615384,
    "support": 24.0
  },
  "accuracy": 0.40336134453781514,
  "macro avg": {
    "precision": 0.3448247259800533,
    "recall": 0.44706119162640906,
    "f1-score": 0.3626845328708683,
    "support": 238.0
  },
  "weighted avg": {
    "precision": 0.31007533733351145,
    "recall": 0.40336134453781514,
    "f1-score": 0.3265580314330249,
    "support": 238.0
  }
}