{
  "mean_entropy": 2.1054359272906655,
  "mean_entropy_known": 2.1061841709068023,
  "mean_entropy_outlier": 2.100260575612386,
  "mean_max_prob_known": 0.19606571635568,
  "mean_max_prob_outlier": 0.17904771429797015
}