{
  "wall_time_sec": 278.2117531299591,
  "time_to_best_sec": 273.02753925323486,
  "best_epoch": 60,
  "transfer_mode": true,
  "num_target_samples": 758,
  "best_target_balanced_accuracy": 0.5295031055900622,
  "best_target_common_accuracy": 0.5301204819277109
}