{
  "0": {
    "precision": 0.9,
    "recall": 1.0,
    "f1-score": 0.9473684210526316,
    "support": 9.0
  },
  "1": {
    "precision": 0.5625,
    "recall": 0.9,
    "f1-score": 0.6923076923076923,
    "support": 10.0
  },
  "2": {
    "precision": 1.0,
    "recall": 0.7894736842105263,
    "f1-score": 0.8823529411764706,
    "support": 19.0
  },
  "3": {
    "precision": 0.8461538461538461,
    "recall": 0.6470588235294118,
    "f1-score": 0.7333333333333334,
    "support": 17.0
  },
  "4": {
    "precision": 0.85,
    "recall": 0.8947368421052632,
    "f1-score": 0.8717948717948718,
    "support": 19.0
  },
  "accuracy": 0.8243243243243243,
  "macro avg": {
    "precision": 0.8317307692307692,
    "recall": 0.8462538699690402,
    "f1-score": 0.8254314519329998,
    "support": 74.0
  },
  "weighted avg": {
    "precision": 0.8548596673596673,
    "recall": 0.8243243243243243,
    "f1-score": 0.8276333489955782,
    "support": 74.0
  }
}