{
  "0": {
    "precision": 0.0,
    "recall": 0.0,
    "f1-score": 0.0,
    "support": 5.0
  },
  "1": {
    "precision": 0.0,
    "recall": 0.0,
    "f1-score": 0.0,
    "support": 5.0
  },
  "2": {
    "precision": 0.0,
    "recall": 0.0,
    "f1-score": 0.0,
    "support": 1.0
  },
  "3": {
    "precision": 0.0,
    "recall": 0.0,
    "f1-score": 0.0,
    "support": 0.0
  },
  "4": {
    "precision": 0.125,
    "recall": 1.0,
    "f1-score": 0.2222222222222222,
    "support": 1.0
  },
  "accuracy": 0.08333333333333333,
  "macro avg": {
    "precision": 0.025,
    "recall": 0.2,
    "f1-score": 0.04444444444444444,
    "support": 12.0
  },
  "weighted avg": {
    "precision": 0.010416666666666666,
    "recall": 0.08333333333333333,
    "f1-score": 0.018518518518518517,
    "support": 12.0
  }
}