{
  "mean_entropy": 0.5181950318526376,
  "mean_entropy_known": 0.5181950318526376,
  "mean_entropy_outlier": NaN,
  "mean_max_prob_known": 0.8001215761980495,
  "mean_max_prob_outlier": NaN
}