{
  "0": {
    "precision": 1.0,
    "recall": 0.625,
    "f1-score": 0.7692307692307693,
    "support": 8.0
  },
  "1": {
    "precision": 0.2857142857142857,
    "recall": 0.4,
    "f1-score": 0.3333333333333333,
    "support": 10.0
  },
  "2": {
    "precision": 0.5625,
    "recall": 0.5625,
    "f1-score": 0.5625,
    "support": 16.0
  },
  "3": {
    "precision": 0.45,
    "recall": 0.6428571428571429,
    "f1-score": 0.5294117647058824,
    "support": 14.0
  },
  "4": {
    "precision": 0.5555555555555556,
    "recall": 0.3125,
    "f1-score": 0.39999999999999997,
    "support": 16.0
  },
  "accuracy": 0.5,
  "macro avg": {
    "precision": 0.5707539682539682,
    "recall": 0.5085714285714286,
    "f1-score": 0.5188951734539969,
    "support": 64.0
  },
  "weighted avg": {
    "precision": 0.547594246031746,
    "recall": 0.5,
    "f1-score": 0.5046710030165913,
    "support": 64.0
  }
}