split,index,label,pred,max_prob,entropy,is_outlier
target_val,0,3,0,0.2882099151611328,1.4516195058822632,False
target_val,1,3,4,0.3184644281864166,1.4552545547485352,False
target_val,2,3,4,0.3128869831562042,1.4526219367980957,False
