{
  "mean_entropy": 1.453165332476298,
  "mean_entropy_known": 1.453165332476298,
  "mean_entropy_outlier": NaN,
  "mean_max_prob_known": 0.3065204421679179,
  "mean_max_prob_outlier": NaN
}