{
  "wall_time_sec": 1.9528617858886719,
  "time_to_best_sec": 1.9039406776428223,
  "best_epoch": 64,
  "transfer_mode": true,
  "num_target_samples": 5,
  "best_target_balanced_accuracy": 0.3333333333333333,
  "best_target_common_accuracy": 0.3333333333333333
}