{
  "0": {
    "precision": 0.2857142857142857,
    "recall": 1.0,
    "f1-score": 0.4444444444444445,
    "support": 8.0
  },
  "1": {
    "precision": 0.4,
    "recall": 0.8,
    "f1-score": 0.5333333333333333,
    "support": 10.0
  },
  "2": {
    "precision": 0.0,
    "recall": 0.0,
    "f1-score": 0.0,
    "support": 16.0
  },
  "3": {
    "precision": 0.875,
    "recall": 0.5,
    "f1-score": 0.6363636363636364,
    "support": 14.0
  },
  "4": {
    "precision": 0.875,
    "recall": 0.4375,
    "f1-score": 0.5833333333333334,
    "support": 16.0
  },
  "accuracy": 0.46875,
  "macro avg": {
    "precision": 0.4871428571428572,
    "recall": 0.5475,
    "f1-score": 0.4394949494949495,
    "support": 64.0
  },
  "weighted avg": {
    "precision": 0.5083705357142857,
    "recall": 0.46875,
    "f1-score": 0.42392676767676774,
    "support": 64.0
  }
}