{
  "mean_entropy": 1.038848876953125,
  "mean_entropy_known": 1.038848876953125,
  "mean_entropy_outlier": NaN,
  "mean_max_prob_known": 0.5922551974654198,
  "mean_max_prob_outlier": NaN
}