{
  "0": {
    "precision": 0.375,
    "recall": 0.75,
    "f1-score": 0.5,
    "support": 8.0
  },
  "1": {
    "precision": 0.4666666666666667,
    "recall": 0.7,
    "f1-score": 0.56,
    "support": 10.0
  },
  "2": {
    "precision": 0.875,
    "recall": 0.875,
    "f1-score": 0.875,
    "support": 16.0
  },
  "3": {
    "precision": 0.5833333333333334,
    "recall": 0.5,
    "f1-score": 0.5384615384615384,
    "support": 14.0
  },
  "4": {
    "precision": 0.8,
    "recall": 0.25,
    "f1-score": 0.38095238095238093,
    "support": 16.0
  },
  "accuracy": 0.59375,
  "macro avg": {
    "precision": 0.6200000000000001,
    "recall": 0.615,
    "f1-score": 0.5708827838827839,
    "support": 64.0
  },
  "weighted avg": {
    "precision": 0.6661458333333334,
    "recall": 0.59375,
    "f1-score": 0.5817765567765568,
    "support": 64.0
  }
}