{
  "0": {
    "precision": 1.0,
    "recall": 1.0,
    "f1-score": 1.0,
    "support": 95.0
  },
  "1": {
    "precision": 1.0,
    "recall": 1.0,
    "f1-score": 1.0,
    "support": 24.0
  },
  "2": {
    "precision": 1.0,
    "recall": 0.7916666666666666,
    "f1-score": 0.8837209302325582,
    "support": 24.0
  },
  "3": {
    "precision": 0.8275862068965517,
    "recall": 1.0,
    "f1-score": 0.9056603773584906,
    "support": 24.0
  },
  "4": {
    "precision": 1.0,
    "recall": 1.0,
    "f1-score": 1.0,
    "support": 24.0
  },
  "5": {
    "precision": 0.0,
    "recall": 0.0,
    "f1-score": 0.0,
    "support": 0.0
  },
  "6": {
    "precision": 0.0,
    "recall": 0.0,
    "f1-score": 0.0,
    "support": 0.0
  },
  "7": {
    "precision": 0.0,
    "recall": 0.0,
    "f1-score": 0.0,
    "support": 0.0
  },
  "8": {
    "precision": 0.0,
    "recall": 0.0,
    "f1-score": 0.0,
    "support": 0.0
  },
  "micro avg": {
    "precision": 0.9738219895287958,
    "recall": 0.9738219895287958,
    "f1-score": 0.9738219895287958,
    "support": 191.0
  },
  "macro avg": {
    "precision": 0.5363984674329502,
    "recall": 0.5324074074074073,
    "f1-score": 0.5321534786212276,
    "support": 191.0
  },
  "weighted avg": {
    "precision": 0.9783354396100379,
    "recall": 0.9738219895287958,
    "f1-score": 0.9735348239904983,
    "support": 191.0
  }
}