{
  "mean_entropy": 1.929531094069793,
  "mean_entropy_known": 1.7914990450206556,
  "mean_entropy_outlier": 2.039724746672045,
  "mean_max_prob_known": 0.3908004969358444,
  "mean_max_prob_outlier": 0.24589534241612218
}