{
  "mean_entropy": 1.602534681558609,
  "mean_entropy_known": 1.602534681558609,
  "mean_entropy_outlier": NaN,
  "mean_max_prob_known": 0.23060819506645203,
  "mean_max_prob_outlier": NaN
}