split,index,label,pred,max_prob,entropy,is_outlier
target_val,0,0,3,0.23834222555160522,1.6008180379867554,False
target_val,1,0,3,0.240700364112854,1.5985417366027832,False
target_val,2,0,4,0.22254954278469086,1.6054829359054565,False
target_val,3,0,3,0.22084064781665802,1.605296015739441,False
