{
  "0": {
    "precision": 0.0,
    "recall": 0.0,
    "f1-score": 0.0,
    "support": 8.0
  },
  "1": {
    "precision": 0.17391304347826086,
    "recall": 0.8,
    "f1-score": 0.2857142857142857,
    "support": 10.0
  },
  "2": {
    "precision": 0.0,
    "recall": 0.0,
    "f1-score": 0.0,
    "support": 16.0
  },
  "3": {
    "precision": 0.3333333333333333,
    "recall": 0.42857142857142855,
    "f1-score": 0.375,
    "support": 14.0
  },
  "4": {
    "precision": 0.0,
    "recall": 0.0,
    "f1-score": 0.0,
    "support": 16.0
  },
  "accuracy": 0.21875,
  "macro avg": {
    "precision": 0.10144927536231885,
    "recall": 0.24571428571428572,
    "f1-score": 0.13214285714285715,
    "support": 64.0
  },
  "weighted avg": {
    "precision": 0.10009057971014491,
    "recall": 0.21875,
    "f1-score": 0.12667410714285715,
    "support": 64.0
  }
}