{
  "mean_entropy": 1.569088339805603,
  "mean_entropy_known": 1.569088339805603,
  "mean_entropy_outlier": NaN,
  "mean_max_prob_known": 0.3015544017155965,
  "mean_max_prob_outlier": NaN
}