{
  "0": {
    "precision": 1.0,
    "recall": 1.0,
    "f1-score": 1.0,
    "support": 171.0
  },
  "1": {
    "precision": 1.0,
    "recall": 0.9,
    "f1-score": 0.9473684210526316,
    "support": 190.0
  },
  "2": {
    "precision": 0.9450261780104712,
    "recall": 1.0,
    "f1-score": 0.971736204576043,
    "support": 361.0
  },
  "3": {
    "precision": 0.9697885196374623,
    "recall": 0.9938080495356038,
    "f1-score": 0.9816513761467891,
    "support": 323.0
  },
  "4": {
    "precision": 1.0,
    "recall": 0.9722991689750693,
    "f1-score": 0.9859550561797753,
    "support": 361.0
  },
  "accuracy": 0.9779516358463727,
  "macro avg": {
    "precision": 0.9829629395295868,
    "recall": 0.9732214437021346,
    "f1-score": 0.9773422115910477,
    "support": 1406.0
  },
  "weighted avg": {
    "precision": 0.9789446245410245,
    "recall": 0.9779516358463727,
    "f1-score": 0.9778093453970578,
    "support": 1406.0
  }
}