{
  "mean_entropy": 0.11551381604749104,
  "mean_entropy_known": 0.11551381604749104,
  "mean_entropy_outlier": NaN,
  "mean_max_prob_known": 0.9616478511568154,
  "mean_max_prob_outlier": NaN
}