{
  "wall_time_sec": 96.01394724845886,
  "time_to_best_sec": 65.40733003616333,
  "best_epoch": 34,
  "transfer_mode": true,
  "num_target_samples": 2945,
  "best_target_balanced_accuracy": 0.9616522730976046,
  "best_target_common_accuracy": 0.9644381223328592
}