{
  "mean_entropy": 1.0076345709482364,
  "mean_entropy_known": 1.0076345709482364,
  "mean_entropy_outlier": NaN,
  "mean_max_prob_known": 0.5964874219998979,
  "mean_max_prob_outlier": NaN
}