{
  "0": {
    "precision": 0.4375,
    "recall": 0.7777777777777778,
    "f1-score": 0.56,
    "support": 9.0
  },
  "1": {
    "precision": 0.25806451612903225,
    "recall": 0.8,
    "f1-score": 0.3902439024390244,
    "support": 10.0
  },
  "2": {
    "precision": 0.7058823529411765,
    "recall": 0.631578947368421,
    "f1-score": 0.6666666666666667,
    "support": 19.0
  },
  "3": {
    "precision": 1.0,
    "recall": 0.058823529411764705,
    "f1-score": 0.1111111111111111,
    "support": 17.0
  },
  "4": {
    "precision": 0.3333333333333333,
    "recall": 0.15789473684210525,
    "f1-score": 0.21428571428571427,
    "support": 19.0
  },
  "accuracy": 0.4189189189189189,
  "macro avg": {
    "precision": 0.5469560404807084,
    "recall": 0.4852149982800137,
    "f1-score": 0.3884614789005033,
    "support": 74.0
  },
  "weighted avg": {
    "precision": 0.5846384216284596,
    "recall": 0.4189189189189189,
    "f1-score": 0.3725597723158699,
    "support": 74.0
  }
}