{
  "mean_entropy": 1.2728334544478237,
  "mean_entropy_known": 1.2728334544478237,
  "mean_entropy_outlier": NaN,
  "mean_max_prob_known": 0.46380357343602824,
  "mean_max_prob_outlier": NaN
}