{
  "wall_time_sec": 13.43087387084961,
  "time_to_best_sec": 12.22994589805603,
  "best_epoch": 74,
  "transfer_mode": true,
  "num_target_samples": 155,
  "best_target_balanced_accuracy": 0.5296112831097352,
  "best_target_common_accuracy": 0.4864864864864865
}