{
  "0": {
    "precision": 1.0,
    "recall": 0.6,
    "f1-score": 0.7499999999999999,
    "support": 5.0
  },
  "1": {
    "precision": 1.0,
    "recall": 0.8,
    "f1-score": 0.888888888888889,
    "support": 5.0
  },
  "2": {
    "precision": 0.5,
    "recall": 1.0,
    "f1-score": 0.6666666666666666,
    "support": 1.0
  },
  "3": {
    "precision": 0.0,
    "recall": 0.0,
    "f1-score": 0.0,
    "support": 0.0
  },
  "4": {
    "precision": 0.3333333333333333,
    "recall": 1.0,
    "f1-score": 0.5,
    "support": 1.0
  },
  "micro avg": {
    "precision": 0.75,
    "recall": 0.75,
    "f1-score": 0.75,
    "support": 12.0
  },
  "macro avg": {
    "precision": 0.5666666666666667,
    "recall": 0.6799999999999999,
    "f1-score": 0.5611111111111111,
    "support": 12.0
  },
  "weighted avg": {
    "precision": 0.9027777777777778,
    "recall": 0.75,
    "f1-score": 0.7800925925925926,
    "support": 12.0
  }
}