{
  "0": {
    "precision": 1.0,
    "recall": 1.0,
    "f1-score": 1.0,
    "support": 95.0
  },
  "1": {
    "precision": 1.0,
    "recall": 0.9166666666666666,
    "f1-score": 0.9565217391304348,
    "support": 24.0
  },
  "2": {
    "precision": 0.6486486486486487,
    "recall": 1.0,
    "f1-score": 0.7868852459016393,
    "support": 24.0
  },
  "3": {
    "precision": 0.92,
    "recall": 1.0,
    "f1-score": 0.9583333333333334,
    "support": 23.0
  },
  "4": {
    "precision": 1.0,
    "recall": 0.4583333333333333,
    "f1-score": 0.6285714285714286,
    "support": 24.0
  },
  "5": {
    "precision": 0.0,
    "recall": 0.0,
    "f1-score": 0.0,
    "support": 0.0
  },
  "6": {
    "precision": 0.0,
    "recall": 0.0,
    "f1-score": 0.0,
    "support": 0.0
  },
  "7": {
    "precision": 0.0,
    "recall": 0.0,
    "f1-score": 0.0,
    "support": 0.0
  },
  "8": {
    "precision": 0.0,
    "recall": 0.0,
    "f1-score": 0.0,
    "support": 0.0
  },
  "micro avg": {
    "precision": 0.9210526315789473,
    "recall": 0.9210526315789473,
    "f1-score": 0.9210526315789473,
    "support": 190.0
  },
  "macro avg": {
    "precision": 0.5076276276276277,
    "recall": 0.4861111111111111,
    "f1-score": 0.48114574965964846,
    "support": 190.0
  },
  "weighted avg": {
    "precision": 0.9459345661450925,
    "recall": 0.9210526315789473,
    "f1-score": 0.9156270978586881,
    "support": 190.0
  }
}