{
  "wall_time_sec": 353.57741594314575,
  "time_to_best_sec": 2.419423818588257,
  "best_epoch": 0,
  "transfer_mode": true,
  "num_target_samples": 380,
  "best_target_balanced_accuracy": 0.9791666666666667,
  "best_target_common_accuracy": 0.9791666666666666
}