{
  "0": {
    "precision": 0.35,
    "recall": 0.7777777777777778,
    "f1-score": 0.48275862068965514,
    "support": 9.0
  },
  "1": {
    "precision": 0.47058823529411764,
    "recall": 0.8,
    "f1-score": 0.5925925925925927,
    "support": 10.0
  },
  "2": {
    "precision": 0.6666666666666666,
    "recall": 0.8421052631578947,
    "f1-score": 0.744186046511628,
    "support": 19.0
  },
  "3": {
    "precision": 1.0,
    "recall": 0.4117647058823529,
    "f1-score": 0.5833333333333334,
    "support": 17.0
  },
  "4": {
    "precision": 0.8333333333333334,
    "recall": 0.2631578947368421,
    "f1-score": 0.39999999999999997,
    "support": 19.0
  },
  "accuracy": 0.581081081081081,
  "macro avg": {
    "precision": 0.6641176470588236,
    "recall": 0.6189611283109735,
    "f1-score": 0.5605741186254418,
    "support": 74.0
  },
  "weighted avg": {
    "precision": 0.7210254372019078,
    "recall": 0.581081081081081,
    "f1-score": 0.5665804738178436,
    "support": 74.0
  }
}