{
  "mean_entropy": 1.031697716161206,
  "mean_entropy_known": 1.031697716161206,
  "mean_entropy_outlier": NaN,
  "mean_max_prob_known": 0.558774770111651,
  "mean_max_prob_outlier": NaN
}