{
  "0": {
    "precision": 0.0,
    "recall": 0.0,
    "f1-score": 0.0,
    "support": 5.0
  },
  "1": {
    "precision": 0.14285714285714285,
    "recall": 0.2,
    "f1-score": 0.16666666666666666,
    "support": 5.0
  },
  "2": {
    "precision": 0.2,
    "recall": 1.0,
    "f1-score": 0.33333333333333337,
    "support": 1.0
  },
  "3": {
    "precision": 0.0,
    "recall": 0.0,
    "f1-score": 0.0,
    "support": 0.0
  },
  "4": {
    "precision": 0.0,
    "recall": 0.0,
    "f1-score": 0.0,
    "support": 1.0
  },
  "micro avg": {
    "precision": 0.16666666666666666,
    "recall": 0.16666666666666666,
    "f1-score": 0.16666666666666666,
    "support": 12.0
  },
  "macro avg": {
    "precision": 0.06857142857142857,
    "recall": 0.24,
    "f1-score": 0.1,
    "support": 12.0
  },
  "weighted avg": {
    "precision": 0.07619047619047618,
    "recall": 0.16666666666666666,
    "f1-score": 0.09722222222222221,
    "support": 12.0
  }
}