{
  "0": {
    "precision": 0.375,
    "recall": 0.3333333333333333,
    "f1-score": 0.35294117647058826,
    "support": 9.0
  },
  "1": {
    "precision": 0.7777777777777778,
    "recall": 0.7,
    "f1-score": 0.7368421052631577,
    "support": 10.0
  },
  "2": {
    "precision": 0.6956521739130435,
    "recall": 0.8421052631578947,
    "f1-score": 0.761904761904762,
    "support": 19.0
  },
  "3": {
    "precision": 0.4666666666666667,
    "recall": 0.8235294117647058,
    "f1-score": 0.5957446808510638,
    "support": 17.0
  },
  "4": {
    "precision": 1.0,
    "recall": 0.21052631578947367,
    "f1-score": 0.34782608695652173,
    "support": 19.0
  },
  "accuracy": 0.5945945945945946,
  "macro avg": {
    "precision": 0.6630193236714976,
    "recall": 0.5818988648090814,
    "f1-score": 0.5590517622892188,
    "support": 74.0
  },
  "weighted avg": {
    "precision": 0.6932905731818775,
    "recall": 0.5945945945945946,
    "f1-score": 0.564289693833775,
    "support": 74.0
  }
}