{
  "mean_entropy": 1.9928060386372708,
  "mean_entropy_known": 1.9111075727563156,
  "mean_entropy_outlier": 2.0395611847739623,
  "mean_max_prob_known": 0.30335084466557755,
  "mean_max_prob_outlier": 0.25166779971984493
}