{
  "0": {
    "precision": 0.0,
    "recall": 0.0,
    "f1-score": 0.0,
    "support": 5.0
  },
  "1": {
    "precision": 0.45454545454545453,
    "recall": 1.0,
    "f1-score": 0.625,
    "support": 5.0
  },
  "2": {
    "precision": 0.0,
    "recall": 0.0,
    "f1-score": 0.0,
    "support": 1.0
  },
  "3": {
    "precision": 0.0,
    "recall": 0.0,
    "f1-score": 0.0,
    "support": 0.0
  },
  "4": {
    "precision": 0.0,
    "recall": 0.0,
    "f1-score": 0.0,
    "support": 1.0
  },
  "micro avg": {
    "precision": 0.4166666666666667,
    "recall": 0.4166666666666667,
    "f1-score": 0.4166666666666667,
    "support": 12.0
  },
  "macro avg": {
    "precision": 0.09090909090909091,
    "recall": 0.2,
    "f1-score": 0.125,
    "support": 12.0
  },
  "weighted avg": {
    "precision": 0.18939393939393936,
    "recall": 0.4166666666666667,
    "f1-score": 0.2604166666666667,
    "support": 12.0
  }
}