{
  "mean_entropy": 0.7578731030225754,
  "mean_entropy_known": 0.7578731030225754,
  "mean_entropy_outlier": NaN,
  "mean_max_prob_known": 0.7557038788994154,
  "mean_max_prob_outlier": NaN
}