{
  "wall_time_sec": 3.7033531665802,
  "time_to_best_sec": 0.26897406578063965,
  "best_epoch": 3,
  "transfer_mode": true,
  "num_target_samples": 41,
  "best_target_balanced_accuracy": 0.25,
  "best_target_common_accuracy": 0.4166666666666667
}