{
  "0": {
    "precision": 1.0,
    "recall": 1.0,
    "f1-score": 1.0,
    "support": 95.0
  },
  "1": {
    "precision": 0.0,
    "recall": 0.0,
    "f1-score": 0.0,
    "support": 0.0
  },
  "2": {
    "precision": 1.0,
    "recall": 1.0,
    "f1-score": 1.0,
    "support": 23.0
  },
  "3": {
    "precision": 1.0,
    "recall": 1.0,
    "f1-score": 1.0,
    "support": 24.0
  },
  "4": {
    "precision": 0.9166666666666666,
    "recall": 0.9565217391304348,
    "f1-score": 0.9361702127659574,
    "support": 23.0
  },
  "5": {
    "precision": 0.9545454545454546,
    "recall": 0.875,
    "f1-score": 0.9130434782608695,
    "support": 24.0
  },
  "6": {
    "precision": 0.96,
    "recall": 1.0,
    "f1-score": 0.9795918367346939,
    "support": 24.0
  },
  "7": {
    "precision": 1.0,
    "recall": 1.0,
    "f1-score": 1.0,
    "support": 24.0
  },
  "8": {
    "precision": 0.0,
    "recall": 0.0,
    "f1-score": 0.0,
    "support": 0.0
  },
  "micro avg": {
    "precision": 0.9831223628691983,
    "recall": 0.9831223628691983,
    "f1-score": 0.9831223628691983,
    "support": 237.0
  },
  "macro avg": {
    "precision": 0.759023569023569,
    "recall": 0.7590579710144927,
    "f1-score": 0.7587561697512801,
    "support": 237.0
  },
  "weighted avg": {
    "precision": 0.9832591740186677,
    "recall": 0.9831223628691983,
    "f1-score": 0.9829331749093271,
    "support": 237.0
  }
}