{
  "0": {
    "precision": 1.0,
    "recall": 1.0,
    "f1-score": 1.0,
    "support": 24.0
  },
  "1": {
    "precision": 0.9090909090909091,
    "recall": 0.8695652173913043,
    "f1-score": 0.888888888888889,
    "support": 23.0
  },
  "2": {
    "precision": 1.0,
    "recall": 1.0,
    "f1-score": 1.0,
    "support": 24.0
  },
  "3": {
    "precision": 1.0,
    "recall": 0.9583333333333334,
    "f1-score": 0.9787234042553191,
    "support": 24.0
  },
  "4": {
    "precision": 1.0,
    "recall": 1.0,
    "f1-score": 1.0,
    "support": 24.0
  },
  "5": {
    "precision": 0.84,
    "recall": 0.9130434782608695,
    "f1-score": 0.8749999999999999,
    "support": 23.0
  },
  "6": {
    "precision": 1.0,
    "recall": 1.0,
    "f1-score": 1.0,
    "support": 24.0
  },
  "7": {
    "precision": 0.0,
    "recall": 0.0,
    "f1-score": 0.0,
    "support": 0.0
  },
  "8": {
    "precision": 0.0,
    "recall": 0.0,
    "f1-score": 0.0,
    "support": 0.0
  },
  "micro avg": {
    "precision": 0.963855421686747,
    "recall": 0.963855421686747,
    "f1-score": 0.963855421686747,
    "support": 166.0
  },
  "macro avg": {
    "precision": 0.7498989898989898,
    "recall": 0.7489935587761676,
    "f1-score": 0.7491791436826898,
    "support": 166.0
  },
  "weighted avg": {
    "precision": 0.9652354874041621,
    "recall": 0.963855421686747,
    "f1-score": 0.9642096755817596,
    "support": 166.0
  }
}