{
  "0": {
    "precision": 1.0,
    "recall": 1.0,
    "f1-score": 1.0,
    "support": 48.0
  },
  "1": {
    "precision": 0.0,
    "recall": 0.0,
    "f1-score": 0.0,
    "support": 0.0
  },
  "2": {
    "precision": 0.8148148148148148,
    "recall": 0.9166666666666666,
    "f1-score": 0.8627450980392156,
    "support": 24.0
  },
  "3": {
    "precision": 1.0,
    "recall": 1.0,
    "f1-score": 1.0,
    "support": 24.0
  },
  "4": {
    "precision": 0.9583333333333334,
    "recall": 0.9583333333333334,
    "f1-score": 0.9583333333333334,
    "support": 24.0
  },
  "5": {
    "precision": 0.9545454545454546,
    "recall": 0.9130434782608695,
    "f1-score": 0.9333333333333332,
    "support": 23.0
  },
  "6": {
    "precision": 0.96,
    "recall": 1.0,
    "f1-score": 0.9795918367346939,
    "support": 24.0
  },
  "7": {
    "precision": 0.9047619047619048,
    "recall": 0.7916666666666666,
    "f1-score": 0.8444444444444444,
    "support": 24.0
  },
  "8": {
    "precision": 0.0,
    "recall": 0.0,
    "f1-score": 0.0,
    "support": 0.0
  },
  "micro avg": {
    "precision": 0.9476439790575916,
    "recall": 0.9476439790575916,
    "f1-score": 0.9476439790575917,
    "support": 191.0
  },
  "macro avg": {
    "precision": 0.7324950563839453,
    "recall": 0.7310789049919484,
    "f1-score": 0.7309386717650023,
    "support": 191.0
  },
  "weighted avg": {
    "precision": 0.9490282027454803,
    "recall": 0.9476439790575916,
    "f1-score": 0.9473791610885192,
    "support": 191.0
  }
}