{
  "mean_entropy": 1.576402872800827,
  "mean_entropy_known": 1.576402872800827,
  "mean_entropy_outlier": NaN,
  "mean_max_prob_known": 0.2854915161927541,
  "mean_max_prob_outlier": NaN
}