{
  "mean_entropy": 1.5588396787643433,
  "mean_entropy_known": 1.5588396787643433,
  "mean_entropy_outlier": NaN,
  "mean_max_prob_known": 0.31108969698349637,
  "mean_max_prob_outlier": NaN
}