{
  "mean_entropy": 2.2545478542645774,
  "mean_entropy_known": 2.2545478542645774,
  "mean_entropy_outlier": NaN,
  "mean_max_prob_known": 0.15543761601050696,
  "mean_max_prob_outlier": NaN
}