{
  "wall_time_sec": 4.064767122268677,
  "time_to_best_sec": 0.48113298416137695,
  "best_epoch": 7,
  "transfer_mode": true,
  "num_target_samples": 41,
  "best_target_balanced_accuracy": 0.75,
  "best_target_common_accuracy": 0.5833333333333334
}