{
  "0": {
    "precision": 0.5384615384615384,
    "recall": 0.7777777777777778,
    "f1-score": 0.6363636363636364,
    "support": 9.0
  },
  "1": {
    "precision": 0.6153846153846154,
    "recall": 0.8,
    "f1-score": 0.6956521739130435,
    "support": 10.0
  },
  "2": {
    "precision": 0.9375,
    "recall": 0.7894736842105263,
    "f1-score": 0.8571428571428572,
    "support": 19.0
  },
  "3": {
    "precision": 0.5789473684210527,
    "recall": 0.6470588235294118,
    "f1-score": 0.6111111111111113,
    "support": 17.0
  },
  "4": {
    "precision": 0.8461538461538461,
    "recall": 0.5789473684210527,
    "f1-score": 0.6875,
    "support": 19.0
  },
  "accuracy": 0.7027027027027027,
  "macro avg": {
    "precision": 0.7032894736842106,
    "recall": 0.7186515307877537,
    "f1-score": 0.6975539557061297,
    "support": 74.0
  },
  "weighted avg": {
    "precision": 0.7396152478389321,
    "recall": 0.7027027027027027,
    "f1-score": 0.7083905086622478,
    "support": 74.0
  }
}