{
  "mean_entropy": 0.21189635464995,
  "mean_entropy_known": 0.21189635464995,
  "mean_entropy_outlier": NaN,
  "mean_max_prob_known": 0.9493472458500611,
  "mean_max_prob_outlier": NaN
}