{
  "0": {
    "precision": 0.0,
    "recall": 0.0,
    "f1-score": 0.0,
    "support": 0.0
  },
  "1": {
    "precision": 0.8888888888888888,
    "recall": 1.0,
    "f1-score": 0.9411764705882353,
    "support": 24.0
  },
  "2": {
    "precision": 0.8846153846153846,
    "recall": 1.0,
    "f1-score": 0.9387755102040816,
    "support": 23.0
  },
  "3": {
    "precision": 1.0,
    "recall": 0.9166666666666666,
    "f1-score": 0.9565217391304348,
    "support": 24.0
  },
  "4": {
    "precision": 1.0,
    "recall": 0.5416666666666666,
    "f1-score": 0.7027027027027027,
    "support": 24.0
  },
  "5": {
    "precision": 0.0,
    "recall": 0.0,
    "f1-score": 0.0,
    "support": 0.0
  },
  "6": {
    "precision": 0.7741935483870968,
    "recall": 1.0,
    "f1-score": 0.8727272727272727,
    "support": 24.0
  },
  "7": {
    "precision": 0.9047619047619048,
    "recall": 0.8260869565217391,
    "f1-score": 0.8636363636363636,
    "support": 23.0
  },
  "8": {
    "precision": 0.9230769230769231,
    "recall": 1.0,
    "f1-score": 0.9600000000000001,
    "support": 24.0
  },
  "micro avg": {
    "precision": 0.8975903614457831,
    "recall": 0.8975903614457831,
    "f1-score": 0.8975903614457831,
    "support": 166.0
  },
  "macro avg": {
    "precision": 0.7083929610811333,
    "recall": 0.698268921095008,
    "f1-score": 0.6928377843321212,
    "support": 166.0
  },
  "weighted avg": {
    "precision": 0.9109849536394427,
    "recall": 0.8975903614457831,
    "f1-score": 0.8906659610957695,
    "support": 166.0
  }
}