split,index,label,pred,max_prob,entropy,is_outlier
target_val,0,3,0,0.2191850244998932,1.60647714138031,False
target_val,1,3,0,0.2191850244998932,1.60647714138031,False
target_val,2,3,0,0.2191850244998932,1.60647714138031,False
