{
  "mean_entropy": 1.60647714138031,
  "mean_entropy_known": 1.60647714138031,
  "mean_entropy_outlier": NaN,
  "mean_max_prob_known": 0.2191850244998932,
  "mean_max_prob_outlier": NaN
}