{
  "0": {
    "precision": 0.24,
    "recall": 0.75,
    "f1-score": 0.36363636363636365,
    "support": 8.0
  },
  "1": {
    "precision": 0.0,
    "recall": 0.0,
    "f1-score": 0.0,
    "support": 10.0
  },
  "2": {
    "precision": 0.9,
    "recall": 0.5625,
    "f1-score": 0.6923076923076923,
    "support": 16.0
  },
  "3": {
    "precision": 0.5,
    "recall": 0.8571428571428571,
    "f1-score": 0.631578947368421,
    "support": 14.0
  },
  "4": {
    "precision": 0.8,
    "recall": 0.25,
    "f1-score": 0.38095238095238093,
    "support": 16.0
  },
  "accuracy": 0.484375,
  "macro avg": {
    "precision": 0.4880000000000001,
    "recall": 0.48392857142857143,
    "f1-score": 0.4136950768529715,
    "support": 64.0
  },
  "weighted avg": {
    "precision": 0.5643750000000001,
    "recall": 0.484375,
    "f1-score": 0.45192745850640587,
    "support": 64.0
  }
}