{
  "mean_entropy": 1.2967308064301808,
  "mean_entropy_known": 1.2967308064301808,
  "mean_entropy_outlier": NaN,
  "mean_max_prob_known": 0.532381738225619,
  "mean_max_prob_outlier": NaN
}