{
  "wall_time_sec": 4.447784900665283,
  "time_to_best_sec": 3.939587116241455,
  "best_epoch": 58,
  "transfer_mode": true,
  "num_target_samples": 41,
  "best_target_balanced_accuracy": 0.4,
  "best_target_common_accuracy": 0.3333333333333333
}