{
  "0": {
    "precision": 1.0,
    "recall": 1.0,
    "f1-score": 1.0,
    "support": 48.0
  },
  "1": {
    "precision": 0.0,
    "recall": 0.0,
    "f1-score": 0.0,
    "support": 23.0
  },
  "2": {
    "precision": 0.5227272727272727,
    "recall": 0.9583333333333334,
    "f1-score": 0.6764705882352942,
    "support": 24.0
  },
  "3": {
    "precision": 0.5714285714285714,
    "recall": 1.0,
    "f1-score": 0.7272727272727273,
    "support": 24.0
  },
  "4": {
    "precision": 0.17857142857142858,
    "recall": 0.21739130434782608,
    "f1-score": 0.19607843137254902,
    "support": 23.0
  },
  "5": {
    "precision": 1.0,
    "recall": 0.7916666666666666,
    "f1-score": 0.8837209302325582,
    "support": 24.0
  },
  "6": {
    "precision": 0.7272727272727273,
    "recall": 1.0,
    "f1-score": 0.8421052631578948,
    "support": 24.0
  },
  "7": {
    "precision": 0.0,
    "recall": 0.0,
    "f1-score": 0.0,
    "support": 24.0
  },
  "8": {
    "precision": 0.0,
    "recall": 0.0,
    "f1-score": 0.0,
    "support": 0.0
  },
  "micro avg": {
    "precision": 0.6682242990654206,
    "recall": 0.6682242990654206,
    "f1-score": 0.6682242990654206,
    "support": 214.0
  },
  "macro avg": {
    "precision": 0.4444444444444444,
    "recall": 0.5519323671497585,
    "f1-score": 0.4806275489190026,
    "support": 214.0
  },
  "weighted avg": {
    "precision": 0.559913217623498,
    "recall": 0.6682242990654206,
    "f1-score": 0.5963526735286543,
    "support": 214.0
  }
}