{
  "wall_time_sec": 32183.913430929184,
  "time_to_best_sec": 360.2913839817047,
  "best_epoch": 23,
  "transfer_mode": true,
  "num_target_samples": 1042,
  "best_target_balanced_accuracy": 0.9891304347826086,
  "best_target_common_accuracy": 0.9894736842105263
}