{
  "mean_entropy": 1.593647539615631,
  "mean_entropy_known": 1.593647539615631,
  "mean_entropy_outlier": NaN,
  "mean_max_prob_known": 0.2531035393476486,
  "mean_max_prob_outlier": NaN
}