split,index,label,pred,max_prob,entropy,is_outlier
target_val,0,0,3,0.2560689151287079,1.5918017625808716,False
target_val,1,0,3,0.2542932331562042,1.5921719074249268,False
target_val,2,0,3,0.2543780505657196,1.5944029092788696,False
target_val,3,0,3,0.24767395853996277,1.5962135791778564,False
