{
  "0": {
    "precision": 0.0,
    "recall": 0.0,
    "f1-score": 0.0,
    "support": 95.0
  },
  "1": {
    "precision": 0.0,
    "recall": 0.0,
    "f1-score": 0.0,
    "support": 95.0
  },
  "2": {
    "precision": 0.08333333333333333,
    "recall": 1.0,
    "f1-score": 0.15384615384615385,
    "support": 19.0
  },
  "3": {
    "precision": 0.0,
    "recall": 0.0,
    "f1-score": 0.0,
    "support": 0.0
  },
  "4": {
    "precision": 0.0,
    "recall": 0.0,
    "f1-score": 0.0,
    "support": 19.0
  },
  "micro avg": {
    "precision": 0.08333333333333333,
    "recall": 0.08333333333333333,
    "f1-score": 0.08333333333333333,
    "support": 228.0
  },
  "macro avg": {
    "precision": 0.016666666666666666,
    "recall": 0.2,
    "f1-score": 0.03076923076923077,
    "support": 228.0
  },
  "weighted avg": {
    "precision": 0.006944444444444444,
    "recall": 0.08333333333333333,
    "f1-score": 0.012820512820512822,
    "support": 228.0
  }
}