{
  "mean_entropy": 2.0121073722839355,
  "mean_entropy_known": 2.0121073722839355,
  "mean_entropy_outlier": NaN,
  "mean_max_prob_known": 0.20753221213817596,
  "mean_max_prob_outlier": NaN
}