{
  "0": {
    "precision": 0.0,
    "recall": 0.0,
    "f1-score": 0.0,
    "support": 5.0
  },
  "1": {
    "precision": 0.0,
    "recall": 0.0,
    "f1-score": 0.0,
    "support": 5.0
  },
  "2": {
    "precision": 0.0,
    "recall": 0.0,
    "f1-score": 0.0,
    "support": 1.0
  },
  "3": {
    "precision": 0.0,
    "recall": 0.0,
    "f1-score": 0.0,
    "support": 0.0
  },
  "4": {
    "precision": 0.1,
    "recall": 1.0,
    "f1-score": 0.18181818181818182,
    "support": 1.0
  },
  "accuracy": 0.08333333333333333,
  "macro avg": {
    "precision": 0.02,
    "recall": 0.2,
    "f1-score": 0.03636363636363636,
    "support": 12.0
  },
  "weighted avg": {
    "precision": 0.008333333333333333,
    "recall": 0.08333333333333333,
    "f1-score": 0.015151515151515152,
    "support": 12.0
  }
}