{
  "mean_entropy": 1.5975488722324371,
  "mean_entropy_known": 1.5975488722324371,
  "mean_entropy_outlier": NaN,
  "mean_max_prob_known": 0.240748330950737,
  "mean_max_prob_outlier": NaN
}