split,index,label,pred,max_prob,entropy,is_outlier
target_val,0,0,3,0.2514362633228302,1.5940550565719604,False
target_val,1,0,2,0.2410343885421753,1.5933791399002075,False
target_val,2,0,4,0.22565516829490662,1.6035869121551514,False
target_val,3,0,3,0.2448675036430359,1.5991743803024292,False
