{
  "0": {
    "precision": 0.35294117647058826,
    "recall": 0.6666666666666666,
    "f1-score": 0.46153846153846156,
    "support": 9.0
  },
  "1": {
    "precision": 0.1951219512195122,
    "recall": 0.8,
    "f1-score": 0.3137254901960785,
    "support": 10.0
  },
  "2": {
    "precision": 0.6666666666666666,
    "recall": 0.5263157894736842,
    "f1-score": 0.5882352941176471,
    "support": 19.0
  },
  "3": {
    "precision": 1.0,
    "recall": 0.058823529411764705,
    "f1-score": 0.1111111111111111,
    "support": 17.0
  },
  "4": {
    "precision": 0.0,
    "recall": 0.0,
    "f1-score": 0.0,
    "support": 19.0
  },
  "accuracy": 0.33783783783783783,
  "macro avg": {
    "precision": 0.44294595887135346,
    "recall": 0.41036119711042307,
    "f1-score": 0.29492207139265963,
    "support": 74.0
  },
  "weighted avg": {
    "precision": 0.4701940103661768,
    "recall": 0.33783783783783783,
    "f1-score": 0.27508730449906926,
    "support": 74.0
  }
}