{
  "mean_entropy": 1.5466752567806759,
  "mean_entropy_known": 1.5466752567806759,
  "mean_entropy_outlier": NaN,
  "mean_max_prob_known": 0.2935011008301297,
  "mean_max_prob_outlier": NaN
}