{
  "mean_entropy": 1.5772232115268707,
  "mean_entropy_known": 1.5772232115268707,
  "mean_entropy_outlier": NaN,
  "mean_max_prob_known": 0.28454065571228665,
  "mean_max_prob_outlier": NaN
}