{
  "mean_entropy": 1.9180614916300864,
  "mean_entropy_known": 1.7522074611563432,
  "mean_entropy_outlier": 2.012977954853012,
  "mean_max_prob_known": 0.4158615446404407,
  "mean_max_prob_outlier": 0.2805660658751626
}