{
  "0": {
    "precision": 0.0,
    "recall": 0.0,
    "f1-score": 0.0,
    "support": 5.0
  },
  "1": {
    "precision": 1.0,
    "recall": 0.2,
    "f1-score": 0.33333333333333337,
    "support": 5.0
  },
  "2": {
    "precision": 0.0,
    "recall": 0.0,
    "f1-score": 0.0,
    "support": 1.0
  },
  "3": {
    "precision": 0.0,
    "recall": 0.0,
    "f1-score": 0.0,
    "support": 0.0
  },
  "4": {
    "precision": 0.09090909090909091,
    "recall": 1.0,
    "f1-score": 0.16666666666666669,
    "support": 1.0
  },
  "micro avg": {
    "precision": 0.16666666666666666,
    "recall": 0.16666666666666666,
    "f1-score": 0.16666666666666666,
    "support": 12.0
  },
  "macro avg": {
    "precision": 0.21818181818181817,
    "recall": 0.24,
    "f1-score": 0.1,
    "support": 12.0
  },
  "weighted avg": {
    "precision": 0.42424242424242425,
    "recall": 0.16666666666666666,
    "f1-score": 0.15277777777777782,
    "support": 12.0
  }
}