split,index,label,pred,max_prob,entropy,is_outlier
target_val,0,0,3,0.2661832869052887,1.578619122505188,False
target_val,1,0,3,0.27478715777397156,1.5687823295593262,False
target_val,2,0,3,0.26848912239074707,1.5764884948730469,False
target_val,3,0,3,0.24819262325763702,1.5938929319381714,False
