{
  "mean_entropy": 1.579445719718933,
  "mean_entropy_known": 1.579445719718933,
  "mean_entropy_outlier": NaN,
  "mean_max_prob_known": 0.2644130475819111,
  "mean_max_prob_outlier": NaN
}