{
  "0": {
    "precision": 1.0,
    "recall": 0.9894736842105263,
    "f1-score": 0.9947089947089947,
    "support": 95.0
  },
  "1": {
    "precision": 0.9895833333333334,
    "recall": 1.0,
    "f1-score": 0.9947643979057591,
    "support": 95.0
  },
  "2": {
    "precision": 1.0,
    "recall": 1.0,
    "f1-score": 1.0,
    "support": 19.0
  },
  "3": {
    "precision": 0.0,
    "recall": 0.0,
    "f1-score": 0.0,
    "support": 0.0
  },
  "4": {
    "precision": 1.0,
    "recall": 1.0,
    "f1-score": 1.0,
    "support": 19.0
  },
  "micro avg": {
    "precision": 0.9956140350877193,
    "recall": 0.9956140350877193,
    "f1-score": 0.9956140350877193,
    "support": 228.0
  },
  "macro avg": {
    "precision": 0.7979166666666667,
    "recall": 0.7978947368421052,
    "f1-score": 0.7978946785229508,
    "support": 228.0
  },
  "weighted avg": {
    "precision": 0.9956597222222223,
    "recall": 0.9956140350877193,
    "f1-score": 0.9956139135894806,
    "support": 228.0
  }
}