{
  "0": {
    "precision": 1.0,
    "recall": 0.10526315789473684,
    "f1-score": 0.1904761904761905,
    "support": 38.0
  },
  "1": {
    "precision": 0.0,
    "recall": 0.0,
    "f1-score": 0.0,
    "support": 0.0
  },
  "2": {
    "precision": 0.0,
    "recall": 0.0,
    "f1-score": 0.0,
    "support": 0.0
  },
  "3": {
    "precision": 0.0,
    "recall": 0.0,
    "f1-score": 0.0,
    "support": 0.0
  },
  "4": {
    "precision": 0.0,
    "recall": 0.0,
    "f1-score": 0.0,
    "support": 0.0
  },
  "micro avg": {
    "precision": 0.10526315789473684,
    "recall": 0.10526315789473684,
    "f1-score": 0.10526315789473684,
    "support": 38.0
  },
  "macro avg": {
    "precision": 0.2,
    "recall": 0.021052631578947368,
    "f1-score": 0.0380952380952381,
    "support": 38.0
  },
  "weighted avg": {
    "precision": 1.0,
    "recall": 0.10526315789473684,
    "f1-score": 0.1904761904761905,
    "support": 38.0
  }
}