{
  "0": {
    "precision": 0.4666666666666667,
    "recall": 0.7777777777777778,
    "f1-score": 0.5833333333333334,
    "support": 9.0
  },
  "1": {
    "precision": 0.6153846153846154,
    "recall": 0.8,
    "f1-score": 0.6956521739130435,
    "support": 10.0
  },
  "2": {
    "precision": 0.8421052631578947,
    "recall": 0.8421052631578947,
    "f1-score": 0.8421052631578947,
    "support": 19.0
  },
  "3": {
    "precision": 0.5263157894736842,
    "recall": 0.5882352941176471,
    "f1-score": 0.5555555555555555,
    "support": 17.0
  },
  "4": {
    "precision": 0.875,
    "recall": 0.3684210526315789,
    "f1-score": 0.5185185185185185,
    "support": 19.0
  },
  "accuracy": 0.6486486486486487,
  "macro avg": {
    "precision": 0.6650944669365721,
    "recall": 0.6753078775369797,
    "f1-score": 0.6390329688956691,
    "support": 74.0
  },
  "weighted avg": {
    "precision": 0.7017056023634971,
    "recall": 0.6486486486486487,
    "f1-score": 0.6419299734517125,
    "support": 74.0
  }
}