{
  "0": {
    "precision": 0.0,
    "recall": 0.0,
    "f1-score": 0.0,
    "support": 48.0
  },
  "1": {
    "precision": 0.92,
    "recall": 1.0,
    "f1-score": 0.9583333333333334,
    "support": 23.0
  },
  "2": {
    "precision": 0.8214285714285714,
    "recall": 0.9583333333333334,
    "f1-score": 0.8846153846153847,
    "support": 24.0
  },
  "3": {
    "precision": 1.0,
    "recall": 0.7916666666666666,
    "f1-score": 0.8837209302325582,
    "support": 24.0
  },
  "4": {
    "precision": 0.30985915492957744,
    "recall": 0.9166666666666666,
    "f1-score": 0.46315789473684216,
    "support": 24.0
  },
  "5": {
    "precision": 0.0,
    "recall": 0.0,
    "f1-score": 0.0,
    "support": 23.0
  },
  "6": {
    "precision": 1.0,
    "recall": 1.0,
    "f1-score": 1.0,
    "support": 24.0
  },
  "7": {
    "precision": 0.4523809523809524,
    "recall": 0.7916666666666666,
    "f1-score": 0.5757575757575758,
    "support": 24.0
  },
  "8": {
    "precision": 0.8275862068965517,
    "recall": 1.0,
    "f1-score": 0.9056603773584906,
    "support": 24.0
  },
  "accuracy": 0.6470588235294118,
  "macro avg": {
    "precision": 0.592361653959517,
    "recall": 0.7175925925925926,
    "f1-score": 0.6301383884482428,
    "support": 238.0
  },
  "weighted avg": {
    "precision": 0.5337399884674608,
    "recall": 0.6470588235294118,
    "f1-score": 0.5678636914768366,
    "support": 238.0
  }
}