{
  "mean_entropy": 1.5618239641189575,
  "mean_entropy_known": 1.5618239641189575,
  "mean_entropy_outlier": NaN,
  "mean_max_prob_known": 0.31055038173993427,
  "mean_max_prob_outlier": NaN
}