split,index,label,pred,max_prob,entropy,is_outlier
target_val,0,3,3,0.31040674448013306,1.561896800994873,False
target_val,1,3,3,0.3107810914516449,1.561697244644165,False
target_val,2,3,3,0.3104633092880249,1.5618778467178345,False
