{
  "0": {
    "precision": 0.875,
    "recall": 0.875,
    "f1-score": 0.875,
    "support": 8.0
  },
  "1": {
    "precision": 0.8,
    "recall": 0.8,
    "f1-score": 0.8000000000000002,
    "support": 10.0
  },
  "2": {
    "precision": 0.9375,
    "recall": 0.9375,
    "f1-score": 0.9375,
    "support": 16.0
  },
  "3": {
    "precision": 0.8888888888888888,
    "recall": 0.5714285714285714,
    "f1-score": 0.6956521739130435,
    "support": 14.0
  },
  "4": {
    "precision": 0.7142857142857143,
    "recall": 0.9375,
    "f1-score": 0.8108108108108109,
    "support": 16.0
  },
  "accuracy": 0.828125,
  "macro avg": {
    "precision": 0.8431349206349206,
    "recall": 0.8242857142857142,
    "f1-score": 0.8237925969447708,
    "support": 64.0
  },
  "weighted avg": {
    "precision": 0.841765873015873,
    "recall": 0.828125,
    "f1-score": 0.823626615746181,
    "support": 64.0
  }
}