{
  "0": {
    "precision": 0.0,
    "recall": 0.0,
    "f1-score": 0.0,
    "support": 9.0
  },
  "1": {
    "precision": 0.3333333333333333,
    "recall": 0.4,
    "f1-score": 0.3636363636363636,
    "support": 10.0
  },
  "2": {
    "precision": 0.5925925925925926,
    "recall": 0.8421052631578947,
    "f1-score": 0.6956521739130435,
    "support": 19.0
  },
  "3": {
    "precision": 0.7333333333333333,
    "recall": 0.6470588235294118,
    "f1-score": 0.6875,
    "support": 17.0
  },
  "4": {
    "precision": 0.35,
    "recall": 0.3684210526315789,
    "f1-score": 0.358974358974359,
    "support": 19.0
  },
  "accuracy": 0.5135135135135135,
  "macro avg": {
    "precision": 0.4018518518518518,
    "recall": 0.451517027863777,
    "f1-score": 0.42115257930475314,
    "support": 74.0
  },
  "weighted avg": {
    "precision": 0.4555305305305305,
    "recall": 0.5135135135135135,
    "f1-score": 0.47786172650303077,
    "support": 74.0
  }
}