{
  "mean_entropy": 1.362685132671047,
  "mean_entropy_known": 1.362685132671047,
  "mean_entropy_outlier": NaN,
  "mean_max_prob_known": 0.4192065413336496,
  "mean_max_prob_outlier": NaN
}