{
  "wall_time_sec": 6.514728784561157,
  "time_to_best_sec": 2.8038158416748047,
  "best_epoch": 21,
  "transfer_mode": true,
  "num_target_samples": 155,
  "best_target_balanced_accuracy": 0.5053869969040248,
  "best_target_common_accuracy": 0.581081081081081
}