{
  "0": {
    "precision": 0.3333333333333333,
    "recall": 0.2222222222222222,
    "f1-score": 0.26666666666666666,
    "support": 9.0
  },
  "1": {
    "precision": 0.36363636363636365,
    "recall": 0.8,
    "f1-score": 0.5000000000000001,
    "support": 10.0
  },
  "2": {
    "precision": 0.5882352941176471,
    "recall": 0.5263157894736842,
    "f1-score": 0.5555555555555555,
    "support": 19.0
  },
  "3": {
    "precision": 0.5,
    "recall": 0.7647058823529411,
    "f1-score": 0.6046511627906976,
    "support": 17.0
  },
  "4": {
    "precision": 0.6666666666666666,
    "recall": 0.10526315789473684,
    "f1-score": 0.18181818181818182,
    "support": 19.0
  },
  "accuracy": 0.47297297297297297,
  "macro avg": {
    "precision": 0.4903743315508021,
    "recall": 0.48370141038871683,
    "f1-score": 0.42173831336622036,
    "support": 74.0
  },
  "weighted avg": {
    "precision": 0.5267500120441296,
    "recall": 0.47297297297297297,
    "f1-score": 0.4282320375343631,
    "support": 74.0
  }
}