{
  "mean_entropy": 1.4684013804873906,
  "mean_entropy_known": 1.4684013804873906,
  "mean_entropy_outlier": NaN,
  "mean_max_prob_known": 0.37102008993561203,
  "mean_max_prob_outlier": NaN
}