{
  "0": {
    "precision": 0.3333333333333333,
    "recall": 0.75,
    "f1-score": 0.46153846153846156,
    "support": 8.0
  },
  "1": {
    "precision": 0.0,
    "recall": 0.0,
    "f1-score": 0.0,
    "support": 10.0
  },
  "2": {
    "precision": 0.6428571428571429,
    "recall": 0.5625,
    "f1-score": 0.6000000000000001,
    "support": 16.0
  },
  "3": {
    "precision": 0.34375,
    "recall": 0.7857142857142857,
    "f1-score": 0.4782608695652174,
    "support": 14.0
  },
  "4": {
    "precision": 0.0,
    "recall": 0.0,
    "f1-score": 0.0,
    "support": 16.0
  },
  "accuracy": 0.40625,
  "macro avg": {
    "precision": 0.26398809523809524,
    "recall": 0.4196428571428571,
    "f1-score": 0.3079598662207358,
    "support": 64.0
  },
  "weighted avg": {
    "precision": 0.2775762648809524,
    "recall": 0.40625,
    "f1-score": 0.31231187290969903,
    "support": 64.0
  }
}