{
  "mean_entropy": 1.2140685319900513,
  "mean_entropy_known": 1.2140685319900513,
  "mean_entropy_outlier": NaN,
  "mean_max_prob_known": 0.4539714753627777,
  "mean_max_prob_outlier": NaN
}