split,index,label,pred,max_prob,entropy,is_outlier
target_val,0,3,3,0.4621928036212921,1.2488210201263428,False
target_val,1,3,3,0.44932055473327637,1.1932294368743896,False
target_val,2,3,3,0.45040106773376465,1.2001551389694214,False
