{
  "0": {
    "precision": 0.35714285714285715,
    "recall": 0.5555555555555556,
    "f1-score": 0.43478260869565216,
    "support": 9.0
  },
  "1": {
    "precision": 0.8,
    "recall": 0.8,
    "f1-score": 0.8000000000000002,
    "support": 10.0
  },
  "2": {
    "precision": 0.7272727272727273,
    "recall": 0.8421052631578947,
    "f1-score": 0.7804878048780488,
    "support": 19.0
  },
  "3": {
    "precision": 0.4583333333333333,
    "recall": 0.6470588235294118,
    "f1-score": 0.5365853658536585,
    "support": 17.0
  },
  "4": {
    "precision": 1.0,
    "recall": 0.21052631578947367,
    "f1-score": 0.34782608695652173,
    "support": 19.0
  },
  "accuracy": 0.5945945945945946,
  "macro avg": {
    "precision": 0.6685497835497836,
    "recall": 0.6110491916064671,
    "f1-score": 0.5799363732767763,
    "support": 74.0
  },
  "weighted avg": {
    "precision": 0.7003261378261378,
    "recall": 0.5945945945945946,
    "f1-score": 0.5739589005760799,
    "support": 74.0
  }
}