{
  "0": {
    "precision": 0.0,
    "recall": 0.0,
    "f1-score": 0.0,
    "support": 5.0
  },
  "1": {
    "precision": 0.0,
    "recall": 0.0,
    "f1-score": 0.0,
    "support": 5.0
  },
  "2": {
    "precision": 0.5,
    "recall": 1.0,
    "f1-score": 0.6666666666666666,
    "support": 1.0
  },
  "3": {
    "precision": 0.0,
    "recall": 0.0,
    "f1-score": 0.0,
    "support": 0.0
  },
  "4": {
    "precision": 0.125,
    "recall": 1.0,
    "f1-score": 0.2222222222222222,
    "support": 1.0
  },
  "micro avg": {
    "precision": 0.16666666666666666,
    "recall": 0.16666666666666666,
    "f1-score": 0.16666666666666666,
    "support": 12.0
  },
  "macro avg": {
    "precision": 0.125,
    "recall": 0.4,
    "f1-score": 0.17777777777777776,
    "support": 12.0
  },
  "weighted avg": {
    "precision": 0.052083333333333336,
    "recall": 0.16666666666666666,
    "f1-score": 0.07407407407407407,
    "support": 12.0
  }
}