{
  "0": {
    "precision": 0.75,
    "recall": 1.0,
    "f1-score": 0.8571428571428571,
    "support": 9.0
  },
  "1": {
    "precision": 0.5714285714285714,
    "recall": 0.8,
    "f1-score": 0.6666666666666666,
    "support": 10.0
  },
  "2": {
    "precision": 0.9375,
    "recall": 0.7894736842105263,
    "f1-score": 0.8571428571428572,
    "support": 19.0
  },
  "3": {
    "precision": 0.7142857142857143,
    "recall": 0.5882352941176471,
    "f1-score": 0.6451612903225806,
    "support": 17.0
  },
  "4": {
    "precision": 0.7222222222222222,
    "recall": 0.6842105263157895,
    "f1-score": 0.7027027027027027,
    "support": 19.0
  },
  "accuracy": 0.7432432432432432,
  "macro avg": {
    "precision": 0.7390873015873016,
    "recall": 0.7723839009287926,
    "f1-score": 0.7457632747955328,
    "support": 74.0
  },
  "weighted avg": {
    "precision": 0.7586738524238524,
    "recall": 0.7432432432432432,
    "f1-score": 0.743050810182458,
    "support": 74.0
  }
}