{
  "mean_entropy": 0.8439297363967508,
  "mean_entropy_known": 0.8439297363967508,
  "mean_entropy_outlier": NaN,
  "mean_max_prob_known": 0.6846361720078701,
  "mean_max_prob_outlier": NaN
}