{
  "wall_time_sec": 973.4409668445587,
  "time_to_best_sec": 356.4036338329315,
  "best_epoch": 23,
  "transfer_mode": true,
  "num_target_samples": 1042,
  "best_target_balanced_accuracy": 0.9891304347826086,
  "best_target_common_accuracy": 0.9894736842105263
}