{
  "0": {
    "precision": 0.0,
    "recall": 0.0,
    "f1-score": 0.0,
    "support": 0.0
  },
  "1": {
    "precision": 1.0,
    "recall": 0.20833333333333334,
    "f1-score": 0.3448275862068966,
    "support": 24.0
  },
  "2": {
    "precision": 1.0,
    "recall": 1.0,
    "f1-score": 1.0,
    "support": 23.0
  },
  "3": {
    "precision": 0.9090909090909091,
    "recall": 0.4166666666666667,
    "f1-score": 0.5714285714285715,
    "support": 24.0
  },
  "4": {
    "precision": 0.42857142857142855,
    "recall": 0.75,
    "f1-score": 0.5454545454545454,
    "support": 24.0
  },
  "5": {
    "precision": 0.0,
    "recall": 0.0,
    "f1-score": 0.0,
    "support": 0.0
  },
  "6": {
    "precision": 0.96,
    "recall": 1.0,
    "f1-score": 0.9795918367346939,
    "support": 24.0
  },
  "7": {
    "precision": 0.8260869565217391,
    "recall": 0.7916666666666666,
    "f1-score": 0.8085106382978724,
    "support": 24.0
  },
  "8": {
    "precision": 0.631578947368421,
    "recall": 1.0,
    "f1-score": 0.7741935483870968,
    "support": 24.0
  },
  "micro avg": {
    "precision": 0.7365269461077845,
    "recall": 0.7365269461077845,
    "f1-score": 0.7365269461077845,
    "support": 167.0
  },
  "macro avg": {
    "precision": 0.6394809157280553,
    "recall": 0.574074074074074,
    "f1-score": 0.5582229696121863,
    "support": 167.0
  },
  "weighted avg": {
    "precision": 0.8211250167500596,
    "recall": 0.7365269461077845,
    "f1-score": 0.7160249187798337,
    "support": 167.0
  }
}