{
  "0": {
    "precision": 0.0,
    "recall": 0.0,
    "f1-score": 0.0,
    "support": 48.0
  },
  "1": {
    "precision": 0.6666666666666666,
    "recall": 0.34782608695652173,
    "f1-score": 0.4571428571428571,
    "support": 23.0
  },
  "2": {
    "precision": 0.5853658536585366,
    "recall": 1.0,
    "f1-score": 0.7384615384615384,
    "support": 24.0
  },
  "3": {
    "precision": 0.5,
    "recall": 0.041666666666666664,
    "f1-score": 0.07692307692307693,
    "support": 24.0
  },
  "4": {
    "precision": 0.1566265060240964,
    "recall": 0.5416666666666666,
    "f1-score": 0.24299065420560748,
    "support": 24.0
  },
  "5": {
    "precision": 0.0,
    "recall": 0.0,
    "f1-score": 0.0,
    "support": 23.0
  },
  "6": {
    "precision": 0.9583333333333334,
    "recall": 0.9583333333333334,
    "f1-score": 0.9583333333333334,
    "support": 24.0
  },
  "7": {
    "precision": 0.3,
    "recall": 0.375,
    "f1-score": 0.33333333333333326,
    "support": 24.0
  },
  "8": {
    "precision": 0.5217391304347826,
    "recall": 1.0,
    "f1-score": 0.6857142857142856,
    "support": 24.0
  },
  "accuracy": 0.42857142857142855,
  "macro avg": {
    "precision": 0.4098590544574906,
    "recall": 0.47383252818035426,
    "f1-score": 0.38809989767933684,
    "support": 238.0
  },
  "weighted avg": {
    "precision": 0.36917180292500545,
    "recall": 0.42857142857142855,
    "f1-score": 0.35030434891426016,
    "support": 238.0
  }
}