{
  "0": {
    "precision": 0.3684210526315789,
    "recall": 0.7777777777777778,
    "f1-score": 0.5,
    "support": 9.0
  },
  "1": {
    "precision": 0.4444444444444444,
    "recall": 0.8,
    "f1-score": 0.5714285714285714,
    "support": 10.0
  },
  "2": {
    "precision": 0.631578947368421,
    "recall": 0.631578947368421,
    "f1-score": 0.631578947368421,
    "support": 19.0
  },
  "3": {
    "precision": 0.6,
    "recall": 0.5294117647058824,
    "f1-score": 0.5625,
    "support": 17.0
  },
  "4": {
    "precision": 0.6666666666666666,
    "recall": 0.10526315789473684,
    "f1-score": 0.18181818181818182,
    "support": 19.0
  },
  "accuracy": 0.5135135135135135,
  "macro avg": {
    "precision": 0.5422222222222222,
    "recall": 0.5688063295493635,
    "f1-score": 0.4894651401230348,
    "support": 74.0
  },
  "weighted avg": {
    "precision": 0.5760391970918287,
    "recall": 0.5135135135135135,
    "f1-score": 0.47609906984906986,
    "support": 74.0
  }
}