{
  "mean_entropy": 1.459603852516896,
  "mean_entropy_known": 1.459603852516896,
  "mean_entropy_outlier": NaN,
  "mean_max_prob_known": 0.3822709466959979,
  "mean_max_prob_outlier": NaN
}