{
  "wall_time_sec": 414.08764600753784,
  "time_to_best_sec": 401.53718614578247,
  "best_epoch": 63,
  "transfer_mode": true,
  "num_target_samples": 155,
  "best_target_balanced_accuracy": 0.5700447196422429,
  "best_target_common_accuracy": 0.527027027027027
}