{
  "0": {
    "precision": 1.0,
    "recall": 0.1111111111111111,
    "f1-score": 0.19999999999999998,
    "support": 9.0
  },
  "1": {
    "precision": 0.5,
    "recall": 0.6,
    "f1-score": 0.5454545454545454,
    "support": 10.0
  },
  "2": {
    "precision": 0.5625,
    "recall": 0.47368421052631576,
    "f1-score": 0.5142857142857142,
    "support": 19.0
  },
  "3": {
    "precision": 0.7333333333333333,
    "recall": 0.6470588235294118,
    "f1-score": 0.6875,
    "support": 17.0
  },
  "4": {
    "precision": 0.3333333333333333,
    "recall": 0.5263157894736842,
    "f1-score": 0.4081632653061224,
    "support": 19.0
  },
  "accuracy": 0.5,
  "macro avg": {
    "precision": 0.6258333333333334,
    "recall": 0.4716339869281045,
    "f1-score": 0.47108070500927635,
    "support": 74.0
  },
  "weighted avg": {
    "precision": 0.5876689189189189,
    "recall": 0.5,
    "f1-score": 0.4928185954971669,
    "support": 74.0
  }
}