{
  "mean_entropy": 1.1608411059588999,
  "mean_entropy_known": 1.1608411059588999,
  "mean_entropy_outlier": NaN,
  "mean_max_prob_known": 0.47744647957183217,
  "mean_max_prob_outlier": NaN
}