{
  "0": {
    "precision": 0.21875,
    "recall": 0.875,
    "f1-score": 0.35,
    "support": 8.0
  },
  "1": {
    "precision": 0.4,
    "recall": 0.2,
    "f1-score": 0.26666666666666666,
    "support": 10.0
  },
  "2": {
    "precision": 0.0,
    "recall": 0.0,
    "f1-score": 0.0,
    "support": 16.0
  },
  "3": {
    "precision": 0.6666666666666666,
    "recall": 0.42857142857142855,
    "f1-score": 0.5217391304347826,
    "support": 14.0
  },
  "4": {
    "precision": 0.23529411764705882,
    "recall": 0.25,
    "f1-score": 0.24242424242424243,
    "support": 16.0
  },
  "accuracy": 0.296875,
  "macro avg": {
    "precision": 0.3041421568627451,
    "recall": 0.3507142857142857,
    "f1-score": 0.27616600790513834,
    "support": 64.0
  },
  "weighted avg": {
    "precision": 0.29450061274509803,
    "recall": 0.296875,
    "f1-score": 0.26015316205533595,
    "support": 64.0
  }
}