{
  "wall_time_sec": 5.6061482429504395,
  "time_to_best_sec": 0.25399208068847656,
  "best_epoch": 3,
  "transfer_mode": true,
  "num_target_samples": 41,
  "best_target_balanced_accuracy": 0.3,
  "best_target_common_accuracy": 0.16666666666666666
}