{
  "0": {
    "precision": 1.0,
    "recall": 1.0,
    "f1-score": 1.0,
    "support": 48.0
  },
  "1": {
    "precision": 1.0,
    "recall": 0.13043478260869565,
    "f1-score": 0.23076923076923078,
    "support": 23.0
  },
  "2": {
    "precision": 0.8888888888888888,
    "recall": 1.0,
    "f1-score": 0.9411764705882353,
    "support": 24.0
  },
  "3": {
    "precision": 0.4782608695652174,
    "recall": 0.9166666666666666,
    "f1-score": 0.6285714285714286,
    "support": 24.0
  },
  "4": {
    "precision": 0.7857142857142857,
    "recall": 0.4583333333333333,
    "f1-score": 0.5789473684210527,
    "support": 24.0
  },
  "5": {
    "precision": 1.0,
    "recall": 1.0,
    "f1-score": 1.0,
    "support": 23.0
  },
  "6": {
    "precision": 0.8,
    "recall": 1.0,
    "f1-score": 0.888888888888889,
    "support": 24.0
  },
  "7": {
    "precision": 1.0,
    "recall": 0.875,
    "f1-score": 0.9333333333333333,
    "support": 24.0
  },
  "8": {
    "precision": 0.9230769230769231,
    "recall": 1.0,
    "f1-score": 0.9600000000000001,
    "support": 24.0
  },
  "accuracy": 0.8403361344537815,
  "macro avg": {
    "precision": 0.8751045519161461,
    "recall": 0.8200483091787439,
    "f1-score": 0.7957429689524633,
    "support": 238.0
  },
  "weighted avg": {
    "precision": 0.8866495093020487,
    "recall": 0.8403361344537815,
    "f1-score": 0.817855933037659,
    "support": 238.0
  }
}