{
  "0": {
    "precision": 0.95,
    "recall": 0.4,
    "f1-score": 0.5629629629629629,
    "support": 95.0
  },
  "1": {
    "precision": 0.0,
    "recall": 0.0,
    "f1-score": 0.0,
    "support": 95.0
  },
  "2": {
    "precision": 0.10106382978723404,
    "recall": 1.0,
    "f1-score": 0.18357487922705315,
    "support": 19.0
  },
  "3": {
    "precision": 0.0,
    "recall": 0.0,
    "f1-score": 0.0,
    "support": 0.0
  },
  "4": {
    "precision": 0.0,
    "recall": 0.0,
    "f1-score": 0.0,
    "support": 19.0
  },
  "micro avg": {
    "precision": 0.25,
    "recall": 0.25,
    "f1-score": 0.25,
    "support": 228.0
  },
  "macro avg": {
    "precision": 0.21021276595744678,
    "recall": 0.27999999999999997,
    "f1-score": 0.14930756843800322,
    "support": 228.0
  },
  "weighted avg": {
    "precision": 0.40425531914893614,
    "recall": 0.25,
    "f1-score": 0.2498658078368223,
    "support": 228.0
  }
}