{
  "wall_time_sec": 60.94991087913513,
  "time_to_best_sec": 57.318259954452515,
  "best_epoch": 46,
  "transfer_mode": false,
  "num_target_samples": 0,
  "best_target_balanced_accuracy": 0.934265010351967,
  "best_target_common_accuracy": 0.9337349397590361
}