{
  "wall_time_sec": 120.42102909088135,
  "time_to_best_sec": 119.78212308883667,
  "best_epoch": 49,
  "transfer_mode": true,
  "num_target_samples": 758,
  "best_target_balanced_accuracy": 0.9702380952380952,
  "best_target_common_accuracy": 0.9698795180722891
}