{
  "0": {
    "precision": 0.32,
    "recall": 1.0,
    "f1-score": 0.48484848484848486,
    "support": 8.0
  },
  "1": {
    "precision": 0.5,
    "recall": 0.7,
    "f1-score": 0.5833333333333334,
    "support": 10.0
  },
  "2": {
    "precision": 0.8181818181818182,
    "recall": 0.5625,
    "f1-score": 0.6666666666666666,
    "support": 16.0
  },
  "3": {
    "precision": 0.7777777777777778,
    "recall": 0.5,
    "f1-score": 0.6086956521739131,
    "support": 14.0
  },
  "4": {
    "precision": 1.0,
    "recall": 0.3125,
    "f1-score": 0.47619047619047616,
    "support": 16.0
  },
  "accuracy": 0.5625,
  "macro avg": {
    "precision": 0.6831919191919191,
    "recall": 0.615,
    "f1-score": 0.5639469226425748,
    "support": 64.0
  },
  "weighted avg": {
    "precision": 0.7428093434343435,
    "recall": 0.5625,
    "f1-score": 0.5706183535667232,
    "support": 64.0
  }
}