split,index,label,pred,max_prob,entropy,is_outlier
target_val,0,3,1,0.7137282490730286,0.9396658539772034,False
target_val,1,3,1,0.7285544276237488,0.9102054834365845,False
target_val,2,3,1,0.7302162051200867,0.9075766801834106,False
