{
  "mean_entropy": 0.9191493391990662,
  "mean_entropy_known": 0.9191493391990662,
  "mean_entropy_outlier": NaN,
  "mean_max_prob_known": 0.7241662939389547,
  "mean_max_prob_outlier": NaN
}