{
  "mean_entropy": 1.991202712059021,
  "mean_entropy_known": 1.991202712059021,
  "mean_entropy_outlier": NaN,
  "mean_max_prob_known": 0.21593154966831207,
  "mean_max_prob_outlier": NaN
}