{
  "wall_time_sec": 30.064532995224,
  "time_to_best_sec": 0.2980670928955078,
  "best_epoch": 0,
  "transfer_mode": true,
  "num_target_samples": 779,
  "best_target_balanced_accuracy": 0.25,
  "best_target_common_accuracy": 0.08333333333333333
}