{
  "0": {
    "precision": 0.0,
    "recall": 0.0,
    "f1-score": 0.0,
    "support": 48.0
  },
  "1": {
    "precision": 0.88,
    "recall": 0.9565217391304348,
    "f1-score": 0.9166666666666666,
    "support": 23.0
  },
  "2": {
    "precision": 0.84,
    "recall": 0.875,
    "f1-score": 0.8571428571428572,
    "support": 24.0
  },
  "3": {
    "precision": 1.0,
    "recall": 0.5416666666666666,
    "f1-score": 0.7027027027027027,
    "support": 24.0
  },
  "4": {
    "precision": 0.26865671641791045,
    "recall": 0.75,
    "f1-score": 0.39560439560439564,
    "support": 24.0
  },
  "5": {
    "precision": 0.0,
    "recall": 0.0,
    "f1-score": 0.0,
    "support": 23.0
  },
  "6": {
    "precision": 0.8888888888888888,
    "recall": 1.0,
    "f1-score": 0.9411764705882353,
    "support": 24.0
  },
  "7": {
    "precision": 0.43478260869565216,
    "recall": 0.8333333333333334,
    "f1-score": 0.5714285714285714,
    "support": 24.0
  },
  "8": {
    "precision": 0.6857142857142857,
    "recall": 1.0,
    "f1-score": 0.8135593220338984,
    "support": 24.0
  },
  "accuracy": 0.5966386554621849,
  "macro avg": {
    "precision": 0.5553380555240819,
    "recall": 0.6618357487922706,
    "f1-score": 0.577586776240814,
    "support": 238.0
  },
  "weighted avg": {
    "precision": 0.5003068066941248,
    "recall": 0.5966386554621849,
    "f1-score": 0.5203448613502067,
    "support": 238.0
  }
}