{
  "wall_time_sec": 121.95951795578003,
  "time_to_best_sec": 121.3155300617218,
  "best_epoch": 49,
  "transfer_mode": true,
  "num_target_samples": 758,
  "best_target_balanced_accuracy": 0.9702380952380952,
  "best_target_common_accuracy": 0.9698795180722891
}