{
  "mean_entropy": 1.034891963005066,
  "mean_entropy_known": 1.034891963005066,
  "mean_entropy_outlier": NaN,
  "mean_max_prob_known": 0.5491412679354349,
  "mean_max_prob_outlier": NaN
}