split,index,label,pred,max_prob,entropy,is_outlier
target_val,0,3,3,0.5710838437080383,1.0172970294952393,False
target_val,1,3,3,0.5447196960449219,1.0388433933258057,False
target_val,2,3,3,0.5316202640533447,1.0485354661941528,False
