split,index,label,pred,max_prob,entropy,is_outlier
target_val,0,0,0,0.37986984848976135,1.7035748958587646,False
target_val,1,0,0,0.34305137395858765,1.5573384761810303,False
target_val,2,0,0,0.3299444913864136,1.7019318342208862,False
target_val,3,0,0,0.3081701099872589,1.850614070892334,False
