{
  "mean_entropy": 1.7033648192882538,
  "mean_entropy_known": 1.7033648192882538,
  "mean_entropy_outlier": NaN,
  "mean_max_prob_known": 0.34025895595550537,
  "mean_max_prob_outlier": NaN
}