{
  "0": {
    "precision": 0.8333333333333334,
    "recall": 0.625,
    "f1-score": 0.7142857142857143,
    "support": 8.0
  },
  "1": {
    "precision": 0.6666666666666666,
    "recall": 0.2,
    "f1-score": 0.30769230769230765,
    "support": 10.0
  },
  "2": {
    "precision": 0.6,
    "recall": 0.9375,
    "f1-score": 0.7317073170731707,
    "support": 16.0
  },
  "3": {
    "precision": 0.6666666666666666,
    "recall": 0.8571428571428571,
    "f1-score": 0.75,
    "support": 14.0
  },
  "4": {
    "precision": 0.5,
    "recall": 0.375,
    "f1-score": 0.42857142857142855,
    "support": 16.0
  },
  "accuracy": 0.625,
  "macro avg": {
    "precision": 0.6533333333333333,
    "recall": 0.5989285714285714,
    "f1-score": 0.5864513535245242,
    "support": 64.0
  },
  "weighted avg": {
    "precision": 0.6291666666666667,
    "recall": 0.625,
    "f1-score": 0.5914948237737871,
    "support": 64.0
  }
}