{
  "mean_entropy": 1.2622057894865673,
  "mean_entropy_known": 1.2622057894865673,
  "mean_entropy_outlier": NaN,
  "mean_max_prob_known": 0.42597149312496185,
  "mean_max_prob_outlier": NaN
}