{
  "0": {
    "precision": 0.38461538461538464,
    "recall": 0.5555555555555556,
    "f1-score": 0.4545454545454546,
    "support": 9.0
  },
  "1": {
    "precision": 0.1956521739130435,
    "recall": 0.9,
    "f1-score": 0.3214285714285714,
    "support": 10.0
  },
  "2": {
    "precision": 0.8571428571428571,
    "recall": 0.631578947368421,
    "f1-score": 0.7272727272727273,
    "support": 19.0
  },
  "3": {
    "precision": 1.0,
    "recall": 0.058823529411764705,
    "f1-score": 0.1111111111111111,
    "support": 17.0
  },
  "4": {
    "precision": 0.0,
    "recall": 0.0,
    "f1-score": 0.0,
    "support": 19.0
  },
  "accuracy": 0.36486486486486486,
  "macro avg": {
    "precision": 0.48748208313425706,
    "recall": 0.42919160646714827,
    "f1-score": 0.32287157287157287,
    "support": 74.0
  },
  "weighted avg": {
    "precision": 0.5230239795457187,
    "recall": 0.36486486486486486,
    "f1-score": 0.31097656097656096,
    "support": 74.0
  }
}