{
  "mean_entropy": 1.49932852951256,
  "mean_entropy_known": 1.49932852951256,
  "mean_entropy_outlier": NaN,
  "mean_max_prob_known": 0.3404059442313942,
  "mean_max_prob_outlier": NaN
}