{
  "wall_time_sec": 12.251873016357422,
  "time_to_best_sec": 12.03158187866211,
  "best_epoch": 73,
  "transfer_mode": true,
  "num_target_samples": 155,
  "best_target_balanced_accuracy": 0.4514138286893704,
  "best_target_common_accuracy": 0.3783783783783784
}