{
  "0": {
    "precision": 0.8,
    "recall": 0.8,
    "f1-score": 0.8000000000000002,
    "support": 5.0
  },
  "1": {
    "precision": 1.0,
    "recall": 0.8,
    "f1-score": 0.888888888888889,
    "support": 5.0
  },
  "2": {
    "precision": 1.0,
    "recall": 1.0,
    "f1-score": 1.0,
    "support": 1.0
  },
  "3": {
    "precision": 0.0,
    "recall": 0.0,
    "f1-score": 0.0,
    "support": 0.0
  },
  "4": {
    "precision": 0.5,
    "recall": 1.0,
    "f1-score": 0.6666666666666666,
    "support": 1.0
  },
  "micro avg": {
    "precision": 0.8333333333333334,
    "recall": 0.8333333333333334,
    "f1-score": 0.8333333333333334,
    "support": 12.0
  },
  "macro avg": {
    "precision": 0.6599999999999999,
    "recall": 0.72,
    "f1-score": 0.6711111111111111,
    "support": 12.0
  },
  "weighted avg": {
    "precision": 0.875,
    "recall": 0.8333333333333334,
    "f1-score": 0.8425925925925927,
    "support": 12.0
  }
}