{
  "0": {
    "precision": 1.0,
    "recall": 0.7777777777777778,
    "f1-score": 0.8750000000000001,
    "support": 9.0
  },
  "1": {
    "precision": 0.6153846153846154,
    "recall": 0.8,
    "f1-score": 0.6956521739130435,
    "support": 10.0
  },
  "2": {
    "precision": 0.9444444444444444,
    "recall": 0.8947368421052632,
    "f1-score": 0.918918918918919,
    "support": 19.0
  },
  "3": {
    "precision": 0.5416666666666666,
    "recall": 0.7647058823529411,
    "f1-score": 0.6341463414634146,
    "support": 17.0
  },
  "4": {
    "precision": 0.9166666666666666,
    "recall": 0.5789473684210527,
    "f1-score": 0.7096774193548387,
    "support": 19.0
  },
  "accuracy": 0.7567567567567568,
  "macro avg": {
    "precision": 0.8036324786324786,
    "recall": 0.763233574131407,
    "f1-score": 0.7666789707300431,
    "support": 74.0
  },
  "weighted avg": {
    "precision": 0.8070714945714945,
    "recall": 0.7567567567567568,
    "f1-score": 0.7642613509622957,
    "support": 74.0
  }
}