{
  "mean_entropy": 0.9658888193854501,
  "mean_entropy_known": 0.9658888193854501,
  "mean_entropy_outlier": NaN,
  "mean_max_prob_known": 0.6548374037484865,
  "mean_max_prob_outlier": NaN
}