{
  "0": {
    "precision": 0.25925925925925924,
    "recall": 0.875,
    "f1-score": 0.39999999999999997,
    "support": 8.0
  },
  "1": {
    "precision": 0.0,
    "recall": 0.0,
    "f1-score": 0.0,
    "support": 10.0
  },
  "2": {
    "precision": 0.9090909090909091,
    "recall": 0.625,
    "f1-score": 0.7407407407407406,
    "support": 16.0
  },
  "3": {
    "precision": 0.6,
    "recall": 0.8571428571428571,
    "f1-score": 0.7058823529411764,
    "support": 14.0
  },
  "4": {
    "precision": 1.0,
    "recall": 0.375,
    "f1-score": 0.5454545454545454,
    "support": 16.0
  },
  "accuracy": 0.546875,
  "macro avg": {
    "precision": 0.5536700336700336,
    "recall": 0.5464285714285715,
    "f1-score": 0.47841552782729246,
    "support": 64.0
  },
  "weighted avg": {
    "precision": 0.6409301346801347,
    "recall": 0.546875,
    "f1-score": 0.5259605862547039,
    "support": 64.0
  }
}