{
  "0": {
    "precision": 1.0,
    "recall": 0.4,
    "f1-score": 0.5714285714285715,
    "support": 5.0
  },
  "1": {
    "precision": 0.0,
    "recall": 0.0,
    "f1-score": 0.0,
    "support": 5.0
  },
  "2": {
    "precision": 0.0,
    "recall": 0.0,
    "f1-score": 0.0,
    "support": 1.0
  },
  "3": {
    "precision": 0.0,
    "recall": 0.0,
    "f1-score": 0.0,
    "support": 0.0
  },
  "4": {
    "precision": 0.1111111111111111,
    "recall": 1.0,
    "f1-score": 0.19999999999999998,
    "support": 1.0
  },
  "accuracy": 0.25,
  "macro avg": {
    "precision": 0.22222222222222224,
    "recall": 0.27999999999999997,
    "f1-score": 0.1542857142857143,
    "support": 12.0
  },
  "weighted avg": {
    "precision": 0.4259259259259259,
    "recall": 0.25,
    "f1-score": 0.2547619047619048,
    "support": 12.0
  }
}