{
  "mean_entropy": 1.2596540004014969,
  "mean_entropy_known": 1.2596540004014969,
  "mean_entropy_outlier": NaN,
  "mean_max_prob_known": 0.5533832982182503,
  "mean_max_prob_outlier": NaN
}