{
  "wall_time_sec": 4.111325979232788,
  "time_to_best_sec": 2.934626817703247,
  "best_epoch": 44,
  "transfer_mode": true,
  "num_target_samples": 41,
  "best_target_balanced_accuracy": 0.4,
  "best_target_common_accuracy": 0.3333333333333333
}