{
  "0": {
    "precision": 0.13793103448275862,
    "recall": 0.5,
    "f1-score": 0.2162162162162162,
    "support": 8.0
  },
  "1": {
    "precision": 0.2222222222222222,
    "recall": 0.4,
    "f1-score": 0.2857142857142857,
    "support": 10.0
  },
  "2": {
    "precision": 0.5,
    "recall": 0.0625,
    "f1-score": 0.1111111111111111,
    "support": 16.0
  },
  "3": {
    "precision": 0.5333333333333333,
    "recall": 0.5714285714285714,
    "f1-score": 0.5517241379310344,
    "support": 14.0
  },
  "4": {
    "precision": 0.0,
    "recall": 0.0,
    "f1-score": 0.0,
    "support": 16.0
  },
  "accuracy": 0.265625,
  "macro avg": {
    "precision": 0.2786973180076628,
    "recall": 0.30678571428571433,
    "f1-score": 0.23295315019452945,
    "support": 64.0
  },
  "weighted avg": {
    "precision": 0.2936302681992337,
    "recall": 0.265625,
    "f1-score": 0.22013731712007573,
    "support": 64.0
  }
}