{
  "mean_entropy": 0.9703364744782448,
  "mean_entropy_known": 0.9703364744782448,
  "mean_entropy_outlier": NaN,
  "mean_max_prob_known": 0.6546077479918798,
  "mean_max_prob_outlier": NaN
}