{
  "0": {
    "precision": 0.5555555555555556,
    "recall": 1.0,
    "f1-score": 0.7142857142857143,
    "support": 5.0
  },
  "1": {
    "precision": 1.0,
    "recall": 0.6,
    "f1-score": 0.7499999999999999,
    "support": 5.0
  },
  "2": {
    "precision": 0.0,
    "recall": 0.0,
    "f1-score": 0.0,
    "support": 1.0
  },
  "3": {
    "precision": 0.0,
    "recall": 0.0,
    "f1-score": 0.0,
    "support": 0.0
  },
  "4": {
    "precision": 0.0,
    "recall": 0.0,
    "f1-score": 0.0,
    "support": 1.0
  },
  "micro avg": {
    "precision": 0.6666666666666666,
    "recall": 0.6666666666666666,
    "f1-score": 0.6666666666666666,
    "support": 12.0
  },
  "macro avg": {
    "precision": 0.3111111111111111,
    "recall": 0.32,
    "f1-score": 0.2928571428571428,
    "support": 12.0
  },
  "weighted avg": {
    "precision": 0.6481481481481481,
    "recall": 0.6666666666666666,
    "f1-score": 0.6101190476190476,
    "support": 12.0
  }
}