{
  "mean_entropy": 1.603580007950465,
  "mean_entropy_known": 1.603580007950465,
  "mean_entropy_outlier": NaN,
  "mean_max_prob_known": 0.22498139118154845,
  "mean_max_prob_outlier": NaN
}