{
  "wall_time_sec": 640.3824441432953,
  "time_to_best_sec": 412.5193061828613,
  "best_epoch": 32,
  "transfer_mode": true,
  "num_target_samples": 854,
  "best_target_balanced_accuracy": 0.9791666666666666,
  "best_target_common_accuracy": 0.9789473684210527
}