{
  "0": {
    "precision": 0.0,
    "recall": 0.0,
    "f1-score": 0.0,
    "support": 8.0
  },
  "1": {
    "precision": 0.3333333333333333,
    "recall": 0.1,
    "f1-score": 0.15384615384615383,
    "support": 10.0
  },
  "2": {
    "precision": 0.0,
    "recall": 0.0,
    "f1-score": 0.0,
    "support": 16.0
  },
  "3": {
    "precision": 0.1,
    "recall": 0.21428571428571427,
    "f1-score": 0.13636363636363638,
    "support": 14.0
  },
  "4": {
    "precision": 0.20689655172413793,
    "recall": 0.375,
    "f1-score": 0.26666666666666666,
    "support": 16.0
  },
  "accuracy": 0.15625,
  "macro avg": {
    "precision": 0.12804597701149426,
    "recall": 0.13785714285714284,
    "f1-score": 0.11137529137529137,
    "support": 64.0
  },
  "weighted avg": {
    "precision": 0.12568247126436782,
    "recall": 0.15625,
    "f1-score": 0.12053467365967366,
    "support": 64.0
  }
}