{
  "0": {
    "precision": 0.0,
    "recall": 0.0,
    "f1-score": 0.0,
    "support": 8.0
  },
  "1": {
    "precision": 0.08333333333333333,
    "recall": 0.1,
    "f1-score": 0.0909090909090909,
    "support": 10.0
  },
  "2": {
    "precision": 0.0,
    "recall": 0.0,
    "f1-score": 0.0,
    "support": 16.0
  },
  "3": {
    "precision": 0.125,
    "recall": 0.21428571428571427,
    "f1-score": 0.15789473684210525,
    "support": 14.0
  },
  "4": {
    "precision": 0.21739130434782608,
    "recall": 0.3125,
    "f1-score": 0.2564102564102564,
    "support": 16.0
  },
  "accuracy": 0.140625,
  "macro avg": {
    "precision": 0.08514492753623189,
    "recall": 0.12535714285714286,
    "f1-score": 0.10104281683229051,
    "support": 64.0
  },
  "weighted avg": {
    "precision": 0.09471240942028986,
    "recall": 0.140625,
    "f1-score": 0.11284658324132008,
    "support": 64.0
  }
}