{
  "0": {
    "precision": 0.8423645320197044,
    "recall": 1.0,
    "f1-score": 0.9144385026737968,
    "support": 171.0
  },
  "1": {
    "precision": 0.9771428571428571,
    "recall": 0.9,
    "f1-score": 0.9369863013698629,
    "support": 190.0
  },
  "2": {
    "precision": 0.9454022988505747,
    "recall": 0.9113573407202216,
    "f1-score": 0.9280677009873061,
    "support": 361.0
  },
  "3": {
    "precision": 0.9815384615384616,
    "recall": 0.9876160990712074,
    "f1-score": 0.9845679012345678,
    "support": 323.0
  },
  "4": {
    "precision": 1.0,
    "recall": 0.9833795013850416,
    "f1-score": 0.9916201117318435,
    "support": 361.0
  },
  "accuracy": 0.9566145092460882,
  "macro avg": {
    "precision": 0.9492896299103195,
    "recall": 0.9564705882352941,
    "f1-score": 0.9511361035994754,
    "support": 1406.0
  },
  "weighted avg": {
    "precision": 0.9594798227556848,
    "recall": 0.9566145092460882,
    "f1-score": 0.9569125986542472,
    "support": 1406.0
  }
}