{
  "0": {
    "precision": 0.7777777777777778,
    "recall": 0.7777777777777778,
    "f1-score": 0.7777777777777778,
    "support": 9.0
  },
  "1": {
    "precision": 0.6153846153846154,
    "recall": 0.8,
    "f1-score": 0.6956521739130435,
    "support": 10.0
  },
  "2": {
    "precision": 0.9444444444444444,
    "recall": 0.8947368421052632,
    "f1-score": 0.918918918918919,
    "support": 19.0
  },
  "3": {
    "precision": 0.7058823529411765,
    "recall": 0.7058823529411765,
    "f1-score": 0.7058823529411765,
    "support": 17.0
  },
  "4": {
    "precision": 0.8235294117647058,
    "recall": 0.7368421052631579,
    "f1-score": 0.7777777777777778,
    "support": 19.0
  },
  "accuracy": 0.7837837837837838,
  "macro avg": {
    "precision": 0.7734037204625439,
    "recall": 0.7830478156174752,
    "f1-score": 0.7752018002657388,
    "support": 74.0
  },
  "weighted avg": {
    "precision": 0.7938560732678379,
    "recall": 0.7837837837837838,
    "f1-score": 0.7864021483292928,
    "support": 74.0
  }
}