{
  "mean_entropy": 0.6320021186762166,
  "mean_entropy_known": 0.6320021186762166,
  "mean_entropy_outlier": NaN,
  "mean_max_prob_known": 0.733631086510581,
  "mean_max_prob_outlier": NaN
}