split,index,label,pred,max_prob,entropy,is_outlier
target_val,0,0,3,0.2543918788433075,1.5927886962890625,False
target_val,1,0,3,0.2518745958805084,1.5936033725738525,False
target_val,2,0,3,0.2537797689437866,1.594716191291809,False
target_val,3,0,3,0.2458418607711792,1.5971661806106567,False
