{
  "mean_entropy": 1.5945686101913452,
  "mean_entropy_known": 1.5945686101913452,
  "mean_entropy_outlier": NaN,
  "mean_max_prob_known": 0.25147202610969543,
  "mean_max_prob_outlier": NaN
}