{
  "mean_entropy": 1.5993562936782837,
  "mean_entropy_known": 1.5993562936782837,
  "mean_entropy_outlier": NaN,
  "mean_max_prob_known": 0.23995795845985413,
  "mean_max_prob_outlier": NaN
}