split,index,label,pred,max_prob,entropy,is_outlier
target_val,0,0,3,0.24494120478630066,1.599298357963562,False
target_val,1,0,3,0.23866665363311768,1.5958142280578613,False
target_val,2,0,4,0.23408755660057068,1.6020959615707397,False
target_val,3,0,3,0.2421364188194275,1.6002166271209717,False
