{
  "wall_time_sec": 4.1734137535095215,
  "time_to_best_sec": 0.5174129009246826,
  "best_epoch": 7,
  "transfer_mode": true,
  "num_target_samples": 41,
  "best_target_balanced_accuracy": 0.75,
  "best_target_common_accuracy": 0.5833333333333334
}