{
  "0": {
    "precision": 0.0,
    "recall": 0.0,
    "f1-score": 0.0,
    "support": 48.0
  },
  "1": {
    "precision": 1.0,
    "recall": 1.0,
    "f1-score": 1.0,
    "support": 23.0
  },
  "2": {
    "precision": 0.96,
    "recall": 1.0,
    "f1-score": 0.9795918367346939,
    "support": 24.0
  },
  "3": {
    "precision": 0.96,
    "recall": 1.0,
    "f1-score": 0.9795918367346939,
    "support": 24.0
  },
  "4": {
    "precision": 0.29411764705882354,
    "recall": 0.8333333333333334,
    "f1-score": 0.4347826086956522,
    "support": 24.0
  },
  "5": {
    "precision": 0.0,
    "recall": 0.0,
    "f1-score": 0.0,
    "support": 23.0
  },
  "6": {
    "precision": 0.8888888888888888,
    "recall": 1.0,
    "f1-score": 0.9411764705882353,
    "support": 24.0
  },
  "7": {
    "precision": 0.4888888888888889,
    "recall": 0.9166666666666666,
    "f1-score": 0.6376811594202899,
    "support": 24.0
  },
  "8": {
    "precision": 0.96,
    "recall": 1.0,
    "f1-score": 0.9795918367346939,
    "support": 24.0
  },
  "accuracy": 0.6764705882352942,
  "macro avg": {
    "precision": 0.6168772694262891,
    "recall": 0.75,
    "f1-score": 0.6613795276564732,
    "support": 238.0
  },
  "weighted avg": {
    "precision": 0.5556533201515901,
    "recall": 0.6764705882352942,
    "f1-score": 0.5960419242596563,
    "support": 238.0
  }
}