model,source,target,comparison_metric,baseline_score,transfer_score,improvement,baseline_accuracy,transfer_accuracy,baseline_common_acc,transfer_common_acc,baseline_outlier_acc,transfer_outlier_acc,baseline_hscore,transfer_hscore,transfer_uncertainty_mean_entropy,final_model,note
cnn_features_1d,nmc,spinel5v,accuracy,0.8333333333333334,0.8333333333333334,0.0,0.8333333333333334,0.8333333333333334,0.8333333333333334,0.8333333333333334,0.0,0.0,0.0,0.0,1.5815525949001312,baseline,baseline_kept
cnn_features_1d,nmc,fcg,accuracy,1.0,1.0,0.0,1.0,1.0,1.0,1.0,0.0,0.0,0.0,0.0,1.5639437437057495,baseline,baseline_kept
cnn_features_1d,lirich,spinel5v,accuracy,1.0,1.0,0.0,1.0,1.0,1.0,1.0,0.0,0.0,0.0,0.0,1.576402872800827,baseline,baseline_kept
cnn_features_1d,spinel5v,nmc,accuracy,0.7027027027027027,0.7027027027027027,0.0,0.7027027027027027,0.7027027027027027,0.7027027027027027,0.7027027027027027,0.0,0.0,0.0,0.0,1.442725742185438,baseline,baseline_kept
cnn_features_1d_sa,spinel5v,lirich,accuracy,1.0,1.0,0.0,1.0,1.0,1.0,1.0,0.0,0.0,0.0,0.0,0.8831873312592506,baseline,baseline_kept
cnn_features_1d_sa,fcg,nmc,accuracy,0.7297297297297297,0.7702702702702703,0.04054054054054057,0.7297297297297297,0.7702702702702703,0.7297297297297297,0.7702702702702703,0.0,0.0,0.0,0.0,0.6388312183144326,transfer,
