{
  "0": {
    "precision": 1.0,
    "recall": 0.8,
    "f1-score": 0.888888888888889,
    "support": 95.0
  },
  "1": {
    "precision": 0.8333333333333334,
    "recall": 1.0,
    "f1-score": 0.9090909090909091,
    "support": 95.0
  },
  "2": {
    "precision": 1.0,
    "recall": 0.8947368421052632,
    "f1-score": 0.9444444444444444,
    "support": 19.0
  },
  "3": {
    "precision": 0.0,
    "recall": 0.0,
    "f1-score": 0.0,
    "support": 0.0
  },
  "4": {
    "precision": 1.0,
    "recall": 1.0,
    "f1-score": 1.0,
    "support": 19.0
  },
  "accuracy": 0.9078947368421053,
  "macro avg": {
    "precision": 0.7666666666666667,
    "recall": 0.7389473684210526,
    "f1-score": 0.7484848484848484,
    "support": 228.0
  },
  "weighted avg": {
    "precision": 0.9305555555555557,
    "recall": 0.9078947368421053,
    "f1-score": 0.9111952861952863,
    "support": 228.0
  }
}