{
  "mean_entropy": 0.2767909712468584,
  "mean_entropy_known": 0.2767909712468584,
  "mean_entropy_outlier": NaN,
  "mean_max_prob_known": 0.9068905171333698,
  "mean_max_prob_outlier": NaN
}