{
  "mean_entropy": 1.5639437437057495,
  "mean_entropy_known": 1.5639437437057495,
  "mean_entropy_outlier": NaN,
  "mean_max_prob_known": 0.30781129002571106,
  "mean_max_prob_outlier": NaN
}