split,index,label,pred,max_prob,entropy,is_outlier
target_val,0,3,3,0.30751240253448486,1.5641344785690308,False
target_val,1,3,3,0.30816757678985596,1.5637223720550537,False
target_val,2,3,3,0.30775389075279236,1.563974380493164,False
