{
  "0": {
    "precision": 0.0,
    "recall": 0.0,
    "f1-score": 0.0,
    "support": 8.0
  },
  "1": {
    "precision": 0.18421052631578946,
    "recall": 0.7,
    "f1-score": 0.29166666666666663,
    "support": 10.0
  },
  "2": {
    "precision": 0.3333333333333333,
    "recall": 0.0625,
    "f1-score": 0.10526315789473684,
    "support": 16.0
  },
  "3": {
    "precision": 0.5555555555555556,
    "recall": 0.35714285714285715,
    "f1-score": 0.43478260869565216,
    "support": 14.0
  },
  "4": {
    "precision": 0.3076923076923077,
    "recall": 0.25,
    "f1-score": 0.27586206896551724,
    "support": 16.0
  },
  "accuracy": 0.265625,
  "macro avg": {
    "precision": 0.2761583445793972,
    "recall": 0.2739285714285714,
    "f1-score": 0.22151490044451458,
    "support": 64.0
  },
  "weighted avg": {
    "precision": 0.3105670827710302,
    "recall": 0.265625,
    "f1-score": 0.23596291903390407,
    "support": 64.0
  }
}