{
  "mean_entropy": 1.5649305681387584,
  "mean_entropy_known": 1.5649305681387584,
  "mean_entropy_outlier": NaN,
  "mean_max_prob_known": 0.3044717311859131,
  "mean_max_prob_outlier": NaN
}