{
  "mean_entropy": 1.5628999471664429,
  "mean_entropy_known": 1.5628999471664429,
  "mean_entropy_outlier": NaN,
  "mean_max_prob_known": 0.30916651089986164,
  "mean_max_prob_outlier": NaN
}