split,index,label,pred,max_prob,entropy,is_outlier
target_val,0,3,3,0.3089601397514343,1.5630207061767578,False
target_val,1,3,3,0.3094494938850403,1.56273353099823,False
target_val,2,3,3,0.30908989906311035,1.5629456043243408,False
