{
  "mean_entropy": 1.9978316922982533,
  "mean_entropy_known": 1.9978316922982533,
  "mean_entropy_outlier": NaN,
  "mean_max_prob_known": 0.24001363416512808,
  "mean_max_prob_outlier": NaN
}