{
  "0": {
    "precision": 1.0,
    "recall": 1.0,
    "f1-score": 1.0,
    "support": 24.0
  },
  "1": {
    "precision": 0.9444444444444444,
    "recall": 0.7391304347826086,
    "f1-score": 0.8292682926829269,
    "support": 23.0
  },
  "2": {
    "precision": 1.0,
    "recall": 1.0,
    "f1-score": 1.0,
    "support": 24.0
  },
  "3": {
    "precision": 1.0,
    "recall": 0.9583333333333334,
    "f1-score": 0.9787234042553191,
    "support": 24.0
  },
  "4": {
    "precision": 1.0,
    "recall": 1.0,
    "f1-score": 1.0,
    "support": 24.0
  },
  "5": {
    "precision": 0.7586206896551724,
    "recall": 0.9565217391304348,
    "f1-score": 0.8461538461538461,
    "support": 23.0
  },
  "6": {
    "precision": 1.0,
    "recall": 1.0,
    "f1-score": 1.0,
    "support": 24.0
  },
  "7": {
    "precision": 0.0,
    "recall": 0.0,
    "f1-score": 0.0,
    "support": 0.0
  },
  "8": {
    "precision": 0.0,
    "recall": 0.0,
    "f1-score": 0.0,
    "support": 0.0
  },
  "micro avg": {
    "precision": 0.9518072289156626,
    "recall": 0.9518072289156626,
    "f1-score": 0.9518072289156626,
    "support": 166.0
  },
  "macro avg": {
    "precision": 0.7447850148999575,
    "recall": 0.7393317230273753,
    "f1-score": 0.7393495047880102,
    "support": 166.0
  },
  "weighted avg": {
    "precision": 0.9588584221945252,
    "recall": 0.9518072289156626,
    "f1-score": 0.9519522343094785,
    "support": 166.0
  }
}