{
  "0": {
    "precision": 1.0,
    "recall": 0.7473684210526316,
    "f1-score": 0.8554216867469879,
    "support": 95.0
  },
  "1": {
    "precision": 0.76,
    "recall": 0.8,
    "f1-score": 0.7794871794871796,
    "support": 95.0
  },
  "2": {
    "precision": 0.5,
    "recall": 1.0,
    "f1-score": 0.6666666666666666,
    "support": 19.0
  },
  "3": {
    "precision": 0.0,
    "recall": 0.0,
    "f1-score": 0.0,
    "support": 0.0
  },
  "4": {
    "precision": 1.0,
    "recall": 1.0,
    "f1-score": 1.0,
    "support": 19.0
  },
  "micro avg": {
    "precision": 0.8114035087719298,
    "recall": 0.8114035087719298,
    "f1-score": 0.8114035087719298,
    "support": 228.0
  },
  "macro avg": {
    "precision": 0.6519999999999999,
    "recall": 0.7094736842105263,
    "f1-score": 0.6603151065801669,
    "support": 228.0
  },
  "weighted avg": {
    "precision": 0.8583333333333333,
    "recall": 0.8114035087719298,
    "f1-score": 0.8201009164864587,
    "support": 228.0
  }
}