{
  "0": {
    "precision": 0.0,
    "recall": 0.0,
    "f1-score": 0.0,
    "support": 8.0
  },
  "1": {
    "precision": 0.125,
    "recall": 0.2,
    "f1-score": 0.15384615384615385,
    "support": 10.0
  },
  "2": {
    "precision": 0.0,
    "recall": 0.0,
    "f1-score": 0.0,
    "support": 16.0
  },
  "3": {
    "precision": 0.2765957446808511,
    "recall": 0.9285714285714286,
    "f1-score": 0.42622950819672134,
    "support": 14.0
  },
  "4": {
    "precision": 0.0,
    "recall": 0.0,
    "f1-score": 0.0,
    "support": 16.0
  },
  "accuracy": 0.234375,
  "macro avg": {
    "precision": 0.08031914893617022,
    "recall": 0.2257142857142857,
    "f1-score": 0.11601513240857504,
    "support": 64.0
  },
  "weighted avg": {
    "precision": 0.08003656914893617,
    "recall": 0.234375,
    "f1-score": 0.11727616645649433,
    "support": 64.0
  }
}