{
  "0": {
    "precision": 0.38095238095238093,
    "recall": 0.8888888888888888,
    "f1-score": 0.5333333333333333,
    "support": 9.0
  },
  "1": {
    "precision": 0.6666666666666666,
    "recall": 0.8,
    "f1-score": 0.7272727272727272,
    "support": 10.0
  },
  "2": {
    "precision": 0.7142857142857143,
    "recall": 0.7894736842105263,
    "f1-score": 0.7500000000000001,
    "support": 19.0
  },
  "3": {
    "precision": 0.6,
    "recall": 0.5294117647058824,
    "f1-score": 0.5625,
    "support": 17.0
  },
  "4": {
    "precision": 0.8,
    "recall": 0.21052631578947367,
    "f1-score": 0.3333333333333333,
    "support": 19.0
  },
  "accuracy": 0.5945945945945946,
  "macro avg": {
    "precision": 0.6323809523809525,
    "recall": 0.6436601307189542,
    "f1-score": 0.5812878787878788,
    "support": 74.0
  },
  "weighted avg": {
    "precision": 0.6630630630630631,
    "recall": 0.5945945945945946,
    "f1-score": 0.5705210892710892,
    "support": 74.0
  }
}