{
  "0": {
    "precision": 0.875,
    "recall": 0.7777777777777778,
    "f1-score": 0.823529411764706,
    "support": 9.0
  },
  "1": {
    "precision": 0.6153846153846154,
    "recall": 0.8,
    "f1-score": 0.6956521739130435,
    "support": 10.0
  },
  "2": {
    "precision": 0.9444444444444444,
    "recall": 0.8947368421052632,
    "f1-score": 0.918918918918919,
    "support": 19.0
  },
  "3": {
    "precision": 0.6190476190476191,
    "recall": 0.7647058823529411,
    "f1-score": 0.6842105263157895,
    "support": 17.0
  },
  "4": {
    "precision": 0.9285714285714286,
    "recall": 0.6842105263157895,
    "f1-score": 0.7878787878787878,
    "support": 19.0
  },
  "accuracy": 0.7837837837837838,
  "macro avg": {
    "precision": 0.7964896214896214,
    "recall": 0.7842862057103543,
    "f1-score": 0.7820379637582491,
    "support": 74.0
  },
  "weighted avg": {
    "precision": 0.8127021252021251,
    "recall": 0.7837837837837838,
    "f1-score": 0.7895813759667248,
    "support": 74.0
  }
}