{
  "mean_entropy": 0.7744504781408437,
  "mean_entropy_known": 0.7744504781408437,
  "mean_entropy_outlier": NaN,
  "mean_max_prob_known": 0.7211984669840014,
  "mean_max_prob_outlier": NaN
}