{
  "0": {
    "precision": 0.7777777777777778,
    "recall": 0.7777777777777778,
    "f1-score": 0.7777777777777778,
    "support": 9.0
  },
  "1": {
    "precision": 0.6153846153846154,
    "recall": 0.8,
    "f1-score": 0.6956521739130435,
    "support": 10.0
  },
  "2": {
    "precision": 0.9375,
    "recall": 0.7894736842105263,
    "f1-score": 0.8571428571428572,
    "support": 19.0
  },
  "3": {
    "precision": 0.56,
    "recall": 0.8235294117647058,
    "f1-score": 0.6666666666666666,
    "support": 17.0
  },
  "4": {
    "precision": 0.8181818181818182,
    "recall": 0.47368421052631576,
    "f1-score": 0.6,
    "support": 19.0
  },
  "accuracy": 0.7162162162162162,
  "macro avg": {
    "precision": 0.7417688422688423,
    "recall": 0.7328930168558652,
    "f1-score": 0.719447895100069,
    "support": 74.0
  },
  "weighted avg": {
    "precision": 0.757186495936496,
    "recall": 0.7162162162162162,
    "f1-score": 0.7158860724078115,
    "support": 74.0
  }
}