{
  "wall_time_sec": 2.673513889312744,
  "time_to_best_sec": 2.294951915740967,
  "best_epoch": 70,
  "transfer_mode": true,
  "num_target_samples": 155,
  "best_target_balanced_accuracy": 0.7632335741314069,
  "best_target_common_accuracy": 0.7567567567567568
}