{
  "0": {
    "precision": 0.16666666666666666,
    "recall": 0.75,
    "f1-score": 0.27272727272727276,
    "support": 8.0
  },
  "1": {
    "precision": 0.11764705882352941,
    "recall": 0.2,
    "f1-score": 0.14814814814814817,
    "support": 10.0
  },
  "2": {
    "precision": 0.0,
    "recall": 0.0,
    "f1-score": 0.0,
    "support": 16.0
  },
  "3": {
    "precision": 0.5454545454545454,
    "recall": 0.42857142857142855,
    "f1-score": 0.4799999999999999,
    "support": 14.0
  },
  "4": {
    "precision": 0.0,
    "recall": 0.0,
    "f1-score": 0.0,
    "support": 16.0
  },
  "accuracy": 0.21875,
  "macro avg": {
    "precision": 0.1659536541889483,
    "recall": 0.2757142857142857,
    "f1-score": 0.18017508417508415,
    "support": 64.0
  },
  "weighted avg": {
    "precision": 0.1585338680926916,
    "recall": 0.21875,
    "f1-score": 0.16223905723905724,
    "support": 64.0
  }
}