split,index,label,pred,max_prob,entropy,is_outlier
target_val,0,3,2,0.2316845804452896,1.8459761142730713,False
target_val,1,3,2,0.2316845804452896,1.8459761142730713,False
target_val,2,3,2,0.2316845804452896,1.8459761142730713,False
