{
  "mean_entropy": 1.8459761142730713,
  "mean_entropy_known": 1.8459761142730713,
  "mean_entropy_outlier": NaN,
  "mean_max_prob_known": 0.2316845804452896,
  "mean_max_prob_outlier": NaN
}