{
  "0": {
    "precision": 0.38461538461538464,
    "recall": 0.5555555555555556,
    "f1-score": 0.4545454545454546,
    "support": 9.0
  },
  "1": {
    "precision": 0.7272727272727273,
    "recall": 0.8,
    "f1-score": 0.761904761904762,
    "support": 10.0
  },
  "2": {
    "precision": 0.5862068965517241,
    "recall": 0.8947368421052632,
    "f1-score": 0.7083333333333333,
    "support": 19.0
  },
  "3": {
    "precision": 0.6923076923076923,
    "recall": 0.5294117647058824,
    "f1-score": 0.5999999999999999,
    "support": 17.0
  },
  "4": {
    "precision": 0.875,
    "recall": 0.3684210526315789,
    "f1-score": 0.5185185185185185,
    "support": 19.0
  },
  "accuracy": 0.6216216216216216,
  "macro avg": {
    "precision": 0.6530805401495057,
    "recall": 0.6296250429996559,
    "f1-score": 0.6086604136604137,
    "support": 74.0
  },
  "weighted avg": {
    "precision": 0.6792760478105305,
    "recall": 0.6216216216216216,
    "f1-score": 0.6110829985829985,
    "support": 74.0
  }
}