{
  "mean_entropy": 1.0273872322050501,
  "mean_entropy_known": 1.0273872322050501,
  "mean_entropy_outlier": NaN,
  "mean_max_prob_known": 0.5943296930274448,
  "mean_max_prob_outlier": NaN
}