{
  "0": {
    "precision": 0.5833333333333334,
    "recall": 0.7777777777777778,
    "f1-score": 0.6666666666666666,
    "support": 9.0
  },
  "1": {
    "precision": 0.25,
    "recall": 0.9,
    "f1-score": 0.391304347826087,
    "support": 10.0
  },
  "2": {
    "precision": 0.875,
    "recall": 0.3684210526315789,
    "f1-score": 0.5185185185185185,
    "support": 19.0
  },
  "3": {
    "precision": 0.8,
    "recall": 0.23529411764705882,
    "f1-score": 0.3636363636363636,
    "support": 17.0
  },
  "4": {
    "precision": 0.46153846153846156,
    "recall": 0.3157894736842105,
    "f1-score": 0.37499999999999994,
    "support": 19.0
  },
  "accuracy": 0.44594594594594594,
  "macro avg": {
    "precision": 0.5939743589743591,
    "recall": 0.5194564843481253,
    "f1-score": 0.4630251793295271,
    "support": 74.0
  },
  "weighted avg": {
    "precision": 0.6316787941787941,
    "recall": 0.44594594594594594,
    "f1-score": 0.4469150474585257,
    "support": 74.0
  }
}