{
  "mean_entropy": 1.1813307438750524,
  "mean_entropy_known": 1.1813307438750524,
  "mean_entropy_outlier": NaN,
  "mean_max_prob_known": 0.533707437080306,
  "mean_max_prob_outlier": NaN
}