{
  "wall_time_sec": 11.062242984771729,
  "time_to_best_sec": 7.8252129554748535,
  "best_epoch": 58,
  "transfer_mode": true,
  "num_target_samples": 155,
  "best_target_balanced_accuracy": 0.5405091159270726,
  "best_target_common_accuracy": 0.47297297297297297
}