{
  "mean_entropy": 1.8442060053348541,
  "mean_entropy_known": 1.8442060053348541,
  "mean_entropy_outlier": NaN,
  "mean_max_prob_known": 0.3941856138408184,
  "mean_max_prob_outlier": NaN
}