split,index,label,pred,max_prob,entropy,is_outlier
target_val,0,0,3,0.24164573848247528,2.0203044414520264,False
target_val,1,0,0,0.3018428087234497,2.1046359539031982,False
target_val,2,0,0,0.39013028144836426,1.9223042726516724,False
target_val,3,0,0,0.6431236267089844,1.3295793533325195,False
