{
  "mean_entropy": 2.0117729579176857,
  "mean_entropy_known": 1.9477737364016081,
  "mean_entropy_outlier": 2.062864773413714,
  "mean_max_prob_known": 0.2964580022975018,
  "mean_max_prob_outlier": 0.23379221871620467
}