{
  "wall_time_sec": 150.1076831817627,
  "time_to_best_sec": 44.50569295883179,
  "best_epoch": 15,
  "transfer_mode": true,
  "num_target_samples": 854,
  "best_target_balanced_accuracy": 0.9791666666666666,
  "best_target_common_accuracy": 0.9789473684210527
}