{
  "wall_time_sec": 429.0185248851776,
  "time_to_best_sec": 3.3637661933898926,
  "best_epoch": 0,
  "transfer_mode": true,
  "num_target_samples": 380,
  "best_target_balanced_accuracy": 0.9791666666666667,
  "best_target_common_accuracy": 0.9791666666666666
}