{
  "0": {
    "precision": 0.42857142857142855,
    "recall": 1.0,
    "f1-score": 0.6,
    "support": 9.0
  },
  "1": {
    "precision": 0.4444444444444444,
    "recall": 0.8,
    "f1-score": 0.5714285714285714,
    "support": 10.0
  },
  "2": {
    "precision": 0.9333333333333333,
    "recall": 0.7368421052631579,
    "f1-score": 0.8235294117647058,
    "support": 19.0
  },
  "3": {
    "precision": 0.8181818181818182,
    "recall": 0.5294117647058824,
    "f1-score": 0.6428571428571428,
    "support": 17.0
  },
  "4": {
    "precision": 0.7777777777777778,
    "recall": 0.3684210526315789,
    "f1-score": 0.5,
    "support": 19.0
  },
  "accuracy": 0.6351351351351351,
  "macro avg": {
    "precision": 0.6804617604617604,
    "recall": 0.6869349845201238,
    "f1-score": 0.6275630252100839,
    "support": 74.0
  },
  "weighted avg": {
    "precision": 0.7394836394836395,
    "recall": 0.6351351351351351,
    "f1-score": 0.6377015671133318,
    "support": 74.0
  }
}