{
  "wall_time_sec": 2.742047071456909,
  "time_to_best_sec": 2.655623197555542,
  "best_epoch": 72,
  "transfer_mode": true,
  "num_target_samples": 155,
  "best_target_balanced_accuracy": 0.6741176470588235,
  "best_target_common_accuracy": 0.6081081081081081
}