{
  "mean_entropy": 0.9651671638712287,
  "mean_entropy_known": 0.9651671638712287,
  "mean_entropy_outlier": NaN,
  "mean_max_prob_known": 0.6326435200265936,
  "mean_max_prob_outlier": NaN
}