{
  "0": {
    "precision": 1.0,
    "recall": 1.0,
    "f1-score": 1.0,
    "support": 48.0
  },
  "1": {
    "precision": 1.0,
    "recall": 1.0,
    "f1-score": 1.0,
    "support": 23.0
  },
  "2": {
    "precision": 0.96,
    "recall": 1.0,
    "f1-score": 0.9795918367346939,
    "support": 24.0
  },
  "3": {
    "precision": 1.0,
    "recall": 1.0,
    "f1-score": 1.0,
    "support": 24.0
  },
  "4": {
    "precision": 1.0,
    "recall": 1.0,
    "f1-score": 1.0,
    "support": 23.0
  },
  "5": {
    "precision": 1.0,
    "recall": 0.9583333333333334,
    "f1-score": 0.9787234042553191,
    "support": 24.0
  },
  "6": {
    "precision": 0.96,
    "recall": 1.0,
    "f1-score": 0.9795918367346939,
    "support": 24.0
  },
  "7": {
    "precision": 1.0,
    "recall": 0.9583333333333334,
    "f1-score": 0.9787234042553191,
    "support": 24.0
  },
  "8": {
    "precision": 0.0,
    "recall": 0.0,
    "f1-score": 0.0,
    "support": 0.0
  },
  "micro avg": {
    "precision": 0.9906542056074766,
    "recall": 0.9906542056074766,
    "f1-score": 0.9906542056074766,
    "support": 214.0
  },
  "macro avg": {
    "precision": 0.88,
    "recall": 0.8796296296296297,
    "f1-score": 0.8796256091088918,
    "support": 214.0
  },
  "weighted avg": {
    "precision": 0.9910280373831775,
    "recall": 0.9906542056074766,
    "f1-score": 0.9906501475117787,
    "support": 214.0
  }
}