{
  "0": {
    "precision": 0.875,
    "recall": 0.7777777777777778,
    "f1-score": 0.823529411764706,
    "support": 9.0
  },
  "1": {
    "precision": 0.6153846153846154,
    "recall": 0.8,
    "f1-score": 0.6956521739130435,
    "support": 10.0
  },
  "2": {
    "precision": 0.9375,
    "recall": 0.7894736842105263,
    "f1-score": 0.8571428571428572,
    "support": 19.0
  },
  "3": {
    "precision": 0.6190476190476191,
    "recall": 0.7647058823529411,
    "f1-score": 0.6842105263157895,
    "support": 17.0
  },
  "4": {
    "precision": 0.8125,
    "recall": 0.6842105263157895,
    "f1-score": 0.742857142857143,
    "support": 19.0
  },
  "accuracy": 0.7567567567567568,
  "macro avg": {
    "precision": 0.7718864468864469,
    "recall": 0.7632335741314069,
    "f1-score": 0.7606784223987078,
    "support": 74.0
  },
  "weighted avg": {
    "precision": 0.7811169686169687,
    "recall": 0.7567567567567568,
    "f1-score": 0.7621603431402867,
    "support": 74.0
  }
}