{
  "wall_time_sec": 3.7768771648406982,
  "time_to_best_sec": 3.475999116897583,
  "best_epoch": 45,
  "transfer_mode": false,
  "num_target_samples": 0,
  "best_target_balanced_accuracy": 0.7398417612659098,
  "best_target_common_accuracy": 0.7567567567567568
}