split,index,label,pred,max_prob,entropy,is_outlier
target_val,0,0,0,0.24693939089775085,1.6018258333206177,False
target_val,1,0,4,0.22586724162101746,1.605231761932373,False
target_val,2,0,0,0.22800320386886597,1.5989596843719482,False
target_val,3,0,3,0.25558093190193176,1.5937116146087646,False
