{
  "mean_entropy": 1.599932223558426,
  "mean_entropy_known": 1.599932223558426,
  "mean_entropy_outlier": NaN,
  "mean_max_prob_known": 0.2390976920723915,
  "mean_max_prob_outlier": NaN
}