{
  "0": {
    "precision": 0.4444444444444444,
    "recall": 1.0,
    "f1-score": 0.6153846153846153,
    "support": 8.0
  },
  "1": {
    "precision": 0.7777777777777778,
    "recall": 0.7,
    "f1-score": 0.7368421052631577,
    "support": 10.0
  },
  "2": {
    "precision": 0.7368421052631579,
    "recall": 0.875,
    "f1-score": 0.7999999999999999,
    "support": 16.0
  },
  "3": {
    "precision": 0.5,
    "recall": 0.42857142857142855,
    "f1-score": 0.4615384615384615,
    "support": 14.0
  },
  "4": {
    "precision": 0.8333333333333334,
    "recall": 0.3125,
    "f1-score": 0.45454545454545453,
    "support": 16.0
  },
  "accuracy": 0.625,
  "macro avg": {
    "precision": 0.6584795321637428,
    "recall": 0.6632142857142858,
    "f1-score": 0.6136621273463378,
    "support": 64.0
  },
  "weighted avg": {
    "precision": 0.6790021929824561,
    "recall": 0.625,
    "f1-score": 0.6066525579683474,
    "support": 64.0
  }
}