{
  "0": {
    "precision": 1.0,
    "recall": 0.7777777777777778,
    "f1-score": 0.8750000000000001,
    "support": 9.0
  },
  "1": {
    "precision": 0.6153846153846154,
    "recall": 0.8,
    "f1-score": 0.6956521739130435,
    "support": 10.0
  },
  "2": {
    "precision": 1.0,
    "recall": 0.47368421052631576,
    "f1-score": 0.6428571428571429,
    "support": 19.0
  },
  "3": {
    "precision": 0.7647058823529411,
    "recall": 0.7647058823529411,
    "f1-score": 0.7647058823529412,
    "support": 17.0
  },
  "4": {
    "precision": 0.5714285714285714,
    "recall": 0.8421052631578947,
    "f1-score": 0.6808510638297872,
    "support": 19.0
  },
  "accuracy": 0.7162162162162162,
  "macro avg": {
    "precision": 0.7903038138332257,
    "recall": 0.731654626762986,
    "f1-score": 0.7318132525905829,
    "support": 74.0
  },
  "weighted avg": {
    "precision": 0.7839322839322839,
    "recall": 0.7162162162162162,
    "f1-score": 0.7159726711646232,
    "support": 74.0
  }
}