{
  "mean_entropy": 0.5268233122156203,
  "mean_entropy_known": 0.5268233122156203,
  "mean_entropy_outlier": NaN,
  "mean_max_prob_known": 0.78023170861038,
  "mean_max_prob_outlier": NaN
}