{
  "0": {
    "precision": 0.6666666666666666,
    "recall": 0.8888888888888888,
    "f1-score": 0.761904761904762,
    "support": 9.0
  },
  "1": {
    "precision": 0.5714285714285714,
    "recall": 0.8,
    "f1-score": 0.6666666666666666,
    "support": 10.0
  },
  "2": {
    "precision": 0.9375,
    "recall": 0.7894736842105263,
    "f1-score": 0.8571428571428572,
    "support": 19.0
  },
  "3": {
    "precision": 0.6363636363636364,
    "recall": 0.4117647058823529,
    "f1-score": 0.5,
    "support": 17.0
  },
  "4": {
    "precision": 0.6666666666666666,
    "recall": 0.7368421052631579,
    "f1-score": 0.7,
    "support": 19.0
  },
  "accuracy": 0.7027027027027027,
  "macro avg": {
    "precision": 0.6957251082251081,
    "recall": 0.7253938768489852,
    "f1-score": 0.6971428571428572,
    "support": 74.0
  },
  "weighted avg": {
    "precision": 0.7163734351234351,
    "recall": 0.7027027027027027,
    "f1-score": 0.6974259974259974,
    "support": 74.0
  }
}