{
  "0": {
    "precision": 0.42857142857142855,
    "recall": 0.3333333333333333,
    "f1-score": 0.375,
    "support": 9.0
  },
  "1": {
    "precision": 0.36363636363636365,
    "recall": 0.8,
    "f1-score": 0.5000000000000001,
    "support": 10.0
  },
  "2": {
    "precision": 0.8571428571428571,
    "recall": 0.3157894736842105,
    "f1-score": 0.46153846153846156,
    "support": 19.0
  },
  "3": {
    "precision": 0.5,
    "recall": 0.7647058823529411,
    "f1-score": 0.6046511627906976,
    "support": 17.0
  },
  "4": {
    "precision": 0.5833333333333334,
    "recall": 0.3684210526315789,
    "f1-score": 0.4516129032258065,
    "support": 19.0
  },
  "accuracy": 0.5,
  "macro avg": {
    "precision": 0.5465367965367965,
    "recall": 0.5164499484004128,
    "f1-score": 0.4785605055109931,
    "support": 74.0
  },
  "weighted avg": {
    "precision": 0.585980460980461,
    "recall": 0.5,
    "f1-score": 0.48653980672922903,
    "support": 74.0
  }
}