{
  "mean_entropy": 1.1689150270980757,
  "mean_entropy_known": 1.1689150270980757,
  "mean_entropy_outlier": NaN,
  "mean_max_prob_known": 0.5064583287851231,
  "mean_max_prob_outlier": NaN
}