{
  "0": {
    "precision": 0.36363636363636365,
    "recall": 0.5,
    "f1-score": 0.4210526315789474,
    "support": 8.0
  },
  "1": {
    "precision": 1.0,
    "recall": 0.1,
    "f1-score": 0.18181818181818182,
    "support": 10.0
  },
  "2": {
    "precision": 0.6428571428571429,
    "recall": 0.5625,
    "f1-score": 0.6000000000000001,
    "support": 16.0
  },
  "3": {
    "precision": 0.3684210526315789,
    "recall": 1.0,
    "f1-score": 0.5384615384615384,
    "support": 14.0
  },
  "4": {
    "precision": 0.0,
    "recall": 0.0,
    "f1-score": 0.0,
    "support": 16.0
  },
  "accuracy": 0.4375,
  "macro avg": {
    "precision": 0.47498291182501706,
    "recall": 0.4325,
    "f1-score": 0.3482664703717336,
    "support": 64.0
  },
  "weighted avg": {
    "precision": 0.44301093643198913,
    "recall": 0.4375,
    "f1-score": 0.3488291313949209,
    "support": 64.0
  }
}