{
  "mean_entropy": 1.1328162749608357,
  "mean_entropy_known": 1.1328162749608357,
  "mean_entropy_outlier": NaN,
  "mean_max_prob_known": 0.44996557633082074,
  "mean_max_prob_outlier": NaN
}