split,index,label,pred,max_prob,entropy,is_outlier
target_val,0,3,3,0.44216829538345337,1.1876968145370483,False
target_val,1,3,0,0.4582265019416809,1.1001676321029663,False
target_val,2,3,0,0.4495019316673279,1.1105843782424927,False
