{
  "mean_entropy": 1.5707107384999592,
  "mean_entropy_known": 1.5707107384999592,
  "mean_entropy_outlier": NaN,
  "mean_max_prob_known": 0.2905738155047099,
  "mean_max_prob_outlier": NaN
}