{
  "0": {
    "precision": 0.6923076923076923,
    "recall": 1.0,
    "f1-score": 0.8181818181818181,
    "support": 9.0
  },
  "1": {
    "precision": 0.5714285714285714,
    "recall": 0.8,
    "f1-score": 0.6666666666666666,
    "support": 10.0
  },
  "2": {
    "precision": 0.9375,
    "recall": 0.7894736842105263,
    "f1-score": 0.8571428571428572,
    "support": 19.0
  },
  "3": {
    "precision": 0.6363636363636364,
    "recall": 0.8235294117647058,
    "f1-score": 0.717948717948718,
    "support": 17.0
  },
  "4": {
    "precision": 1.0,
    "recall": 0.47368421052631576,
    "f1-score": 0.6428571428571429,
    "support": 19.0
  },
  "accuracy": 0.7432432432432432,
  "macro avg": {
    "precision": 0.76751998001998,
    "recall": 0.7773374613003096,
    "f1-score": 0.7405594405594406,
    "support": 74.0
  },
  "weighted avg": {
    "precision": 0.8050775238275238,
    "recall": 0.7432432432432432,
    "f1-score": 0.7396679896679896,
    "support": 74.0
  }
}