{
  "0": {
    "precision": 1.0,
    "recall": 0.8,
    "f1-score": 0.888888888888889,
    "support": 5.0
  },
  "1": {
    "precision": 1.0,
    "recall": 0.8,
    "f1-score": 0.888888888888889,
    "support": 5.0
  },
  "2": {
    "precision": 1.0,
    "recall": 1.0,
    "f1-score": 1.0,
    "support": 1.0
  },
  "3": {
    "precision": 0.0,
    "recall": 0.0,
    "f1-score": 0.0,
    "support": 0.0
  },
  "4": {
    "precision": 0.3333333333333333,
    "recall": 1.0,
    "f1-score": 0.5,
    "support": 1.0
  },
  "micro avg": {
    "precision": 0.8333333333333334,
    "recall": 0.8333333333333334,
    "f1-score": 0.8333333333333334,
    "support": 12.0
  },
  "macro avg": {
    "precision": 0.6666666666666667,
    "recall": 0.72,
    "f1-score": 0.6555555555555556,
    "support": 12.0
  },
  "weighted avg": {
    "precision": 0.9444444444444445,
    "recall": 0.8333333333333334,
    "f1-score": 0.8657407407407408,
    "support": 12.0
  }
}