{
  "0": {
    "precision": 0.3333333333333333,
    "recall": 0.875,
    "f1-score": 0.48275862068965514,
    "support": 8.0
  },
  "1": {
    "precision": 0.3076923076923077,
    "recall": 0.8,
    "f1-score": 0.4444444444444444,
    "support": 10.0
  },
  "2": {
    "precision": 0.5,
    "recall": 0.0625,
    "f1-score": 0.1111111111111111,
    "support": 16.0
  },
  "3": {
    "precision": 0.8,
    "recall": 0.5714285714285714,
    "f1-score": 0.6666666666666666,
    "support": 14.0
  },
  "4": {
    "precision": 0.8,
    "recall": 0.25,
    "f1-score": 0.38095238095238093,
    "support": 16.0
  },
  "accuracy": 0.4375,
  "macro avg": {
    "precision": 0.5482051282051282,
    "recall": 0.5117857142857143,
    "f1-score": 0.4171866447728516,
    "support": 64.0
  },
  "weighted avg": {
    "precision": 0.5897435897435899,
    "recall": 0.4375,
    "f1-score": 0.39863847837985766,
    "support": 64.0
  }
}