split,index,label,pred,max_prob,entropy,is_outlier
target_val,0,3,1,0.6619852781295776,1.0477449893951416,False
target_val,1,3,1,0.6970344185829163,0.9831070303916931,False
target_val,2,3,1,0.701820433139801,0.9743642210960388,False
