{
  "mean_entropy": 1.0017387469609578,
  "mean_entropy_known": 1.0017387469609578,
  "mean_entropy_outlier": NaN,
  "mean_max_prob_known": 0.686946709950765,
  "mean_max_prob_outlier": NaN
}