{
  "0": {
    "precision": 1.0,
    "recall": 1.0,
    "f1-score": 1.0,
    "support": 48.0
  },
  "1": {
    "precision": 1.0,
    "recall": 1.0,
    "f1-score": 1.0,
    "support": 23.0
  },
  "2": {
    "precision": 1.0,
    "recall": 1.0,
    "f1-score": 1.0,
    "support": 24.0
  },
  "3": {
    "precision": 0.875,
    "recall": 0.875,
    "f1-score": 0.875,
    "support": 24.0
  },
  "4": {
    "precision": 1.0,
    "recall": 0.9166666666666666,
    "f1-score": 0.9565217391304348,
    "support": 24.0
  },
  "5": {
    "precision": 1.0,
    "recall": 1.0,
    "f1-score": 1.0,
    "support": 23.0
  },
  "6": {
    "precision": 1.0,
    "recall": 1.0,
    "f1-score": 1.0,
    "support": 24.0
  },
  "7": {
    "precision": 1.0,
    "recall": 1.0,
    "f1-score": 1.0,
    "support": 24.0
  },
  "8": {
    "precision": 0.8846153846153846,
    "recall": 0.9583333333333334,
    "f1-score": 0.9199999999999999,
    "support": 24.0
  },
  "accuracy": 0.9747899159663865,
  "macro avg": {
    "precision": 0.9732905982905984,
    "recall": 0.9722222222222222,
    "f1-score": 0.9723913043478262,
    "support": 238.0
  },
  "weighted avg": {
    "precision": 0.975759534583064,
    "recall": 0.9747899159663865,
    "f1-score": 0.9749433686518085,
    "support": 238.0
  }
}