split,index,label,pred,max_prob,entropy,is_outlier
target_val,0,3,3,0.34183835983276367,1.5251086950302124,False
target_val,1,3,3,0.3323289752006531,1.5715705156326294,False
target_val,2,3,3,0.3290809988975525,1.569697380065918,False
