{
  "mean_entropy": 1.5554588635762532,
  "mean_entropy_known": 1.5554588635762532,
  "mean_entropy_outlier": NaN,
  "mean_max_prob_known": 0.33441611131032306,
  "mean_max_prob_outlier": NaN
}