{
  "0": {
    "precision": 0.0,
    "recall": 0.0,
    "f1-score": 0.0,
    "support": 5.0
  },
  "1": {
    "precision": 0.3333333333333333,
    "recall": 0.6,
    "f1-score": 0.42857142857142855,
    "support": 5.0
  },
  "2": {
    "precision": 0.0,
    "recall": 0.0,
    "f1-score": 0.0,
    "support": 1.0
  },
  "3": {
    "precision": 0.0,
    "recall": 0.0,
    "f1-score": 0.0,
    "support": 0.0
  },
  "4": {
    "precision": 0.0,
    "recall": 0.0,
    "f1-score": 0.0,
    "support": 1.0
  },
  "micro avg": {
    "precision": 0.25,
    "recall": 0.25,
    "f1-score": 0.25,
    "support": 12.0
  },
  "macro avg": {
    "precision": 0.06666666666666667,
    "recall": 0.12,
    "f1-score": 0.08571428571428572,
    "support": 12.0
  },
  "weighted avg": {
    "precision": 0.13888888888888887,
    "recall": 0.25,
    "f1-score": 0.17857142857142858,
    "support": 12.0
  }
}