{
  "mean_entropy": 1.5976842641830444,
  "mean_entropy_known": 1.5976842641830444,
  "mean_entropy_outlier": NaN,
  "mean_max_prob_known": 0.24898752942681313,
  "mean_max_prob_outlier": NaN
}