split,index,label,pred,max_prob,entropy,is_outlier
target_val,0,0,3,0.2500249147415161,1.5974124670028687,False
target_val,1,0,3,0.25073590874671936,1.596987247467041,False
target_val,2,0,3,0.25171804428100586,1.5967622995376587,False
target_val,3,0,3,0.24347124993801117,1.5995750427246094,False
