{
  "mean_entropy": 0.2875452942231245,
  "mean_entropy_known": 0.2875452942231245,
  "mean_entropy_outlier": NaN,
  "mean_max_prob_known": 0.9057020514942052,
  "mean_max_prob_outlier": NaN
}