{
  "wall_time_sec": 24.6459698677063,
  "time_to_best_sec": 3.8381779193878174,
  "best_epoch": 8,
  "transfer_mode": true,
  "num_target_samples": 779,
  "best_target_balanced_accuracy": 0.95,
  "best_target_common_accuracy": 0.9166666666666666
}