{
  "0": {
    "precision": 0.868020304568528,
    "recall": 1.0,
    "f1-score": 0.9293478260869565,
    "support": 171.0
  },
  "1": {
    "precision": 1.0,
    "recall": 0.9,
    "f1-score": 0.9473684210526316,
    "support": 190.0
  },
  "2": {
    "precision": 0.9447674418604651,
    "recall": 0.9002770083102493,
    "f1-score": 0.9219858156028369,
    "support": 361.0
  },
  "3": {
    "precision": 0.8857142857142857,
    "recall": 0.19195046439628483,
    "f1-score": 0.3155216284987277,
    "support": 323.0
  },
  "4": {
    "precision": 0.5785256410256411,
    "recall": 1.0,
    "f1-score": 0.7329949238578681,
    "support": 361.0
  },
  "accuracy": 0.7752489331436699,
  "macro avg": {
    "precision": 0.855405534633784,
    "recall": 0.7984454945413069,
    "f1-score": 0.7694437230198041,
    "support": 1406.0
  },
  "weighted avg": {
    "precision": 0.835295867203995,
    "recall": 0.7752489331436699,
    "f1-score": 0.738463734858658,
    "support": 1406.0
  }
}