{
  "mean_entropy": 0.17111588178553183,
  "mean_entropy_known": 0.17111588178553183,
  "mean_entropy_outlier": NaN,
  "mean_max_prob_known": 0.9328709660180093,
  "mean_max_prob_outlier": NaN
}