{
  "0": {
    "precision": 1.0,
    "recall": 1.0,
    "f1-score": 1.0,
    "support": 171.0
  },
  "1": {
    "precision": 1.0,
    "recall": 0.9,
    "f1-score": 0.9473684210526316,
    "support": 190.0
  },
  "2": {
    "precision": 0.8891625615763546,
    "recall": 1.0,
    "f1-score": 0.941329856584094,
    "support": 361.0
  },
  "3": {
    "precision": 1.0,
    "recall": 0.8606811145510835,
    "f1-score": 0.9251247920133111,
    "support": 323.0
  },
  "4": {
    "precision": 0.95,
    "recall": 1.0,
    "f1-score": 0.9743589743589743,
    "support": 361.0
  },
  "accuracy": 0.9544807965860598,
  "macro avg": {
    "precision": 0.9678325123152709,
    "recall": 0.9521362229102166,
    "f1-score": 0.9576364088018023,
    "support": 1406.0
  },
  "weighted avg": {
    "precision": 0.9587039009452804,
    "recall": 0.9544807965860598,
    "f1-score": 0.954039100846904,
    "support": 1406.0
  }
}