{
  "0": {
    "precision": 1.0,
    "recall": 0.8210526315789474,
    "f1-score": 0.9017341040462429,
    "support": 95.0
  },
  "1": {
    "precision": 1.0,
    "recall": 0.6842105263157895,
    "f1-score": 0.8125000000000001,
    "support": 95.0
  },
  "2": {
    "precision": 0.0,
    "recall": 0.0,
    "f1-score": 0.0,
    "support": 19.0
  },
  "3": {
    "precision": 0.0,
    "recall": 0.0,
    "f1-score": 0.0,
    "support": 0.0
  },
  "4": {
    "precision": 1.0,
    "recall": 1.0,
    "f1-score": 1.0,
    "support": 19.0
  },
  "accuracy": 0.7105263157894737,
  "macro avg": {
    "precision": 0.6,
    "recall": 0.5010526315789473,
    "f1-score": 0.5428468208092486,
    "support": 228.0
  },
  "weighted avg": {
    "precision": 0.9166666666666666,
    "recall": 0.7105263157894737,
    "f1-score": 0.7975975433526014,
    "support": 228.0
  }
}