{
  "mean_entropy": 0.1354850693783651,
  "mean_entropy_known": 0.1354850693783651,
  "mean_entropy_outlier": NaN,
  "mean_max_prob_known": 0.9549232378368866,
  "mean_max_prob_outlier": NaN
}