{
  "wall_time_sec": 100.52433896064758,
  "time_to_best_sec": 83.26672387123108,
  "best_epoch": 41,
  "transfer_mode": true,
  "num_target_samples": 2945,
  "best_target_balanced_accuracy": 0.968235294117647,
  "best_target_common_accuracy": 0.972972972972973
}