{
  "0": {
    "precision": 1.0,
    "recall": 1.0,
    "f1-score": 1.0,
    "support": 171.0
  },
  "1": {
    "precision": 1.0,
    "recall": 0.9,
    "f1-score": 0.9473684210526316,
    "support": 190.0
  },
  "2": {
    "precision": 0.9454022988505747,
    "recall": 0.9113573407202216,
    "f1-score": 0.9280677009873061,
    "support": 361.0
  },
  "3": {
    "precision": 0.8922651933701657,
    "recall": 1.0,
    "f1-score": 0.9430656934306569,
    "support": 323.0
  },
  "4": {
    "precision": 1.0,
    "recall": 0.9806094182825484,
    "f1-score": 0.9902097902097902,
    "support": 361.0
  },
  "accuracy": 0.9587482219061166,
  "macro avg": {
    "precision": 0.967533498444148,
    "recall": 0.9583933518005541,
    "f1-score": 0.9617423211360769,
    "support": 1406.0
  },
  "weighted avg": {
    "precision": 0.9612317833169423,
    "recall": 0.9587482219061166,
    "f1-score": 0.958825315291788,
    "support": 1406.0
  }
}