{
  "mean_entropy": 0.12127281069694022,
  "mean_entropy_known": 0.12127281069694022,
  "mean_entropy_outlier": NaN,
  "mean_max_prob_known": 0.9588136907831195,
  "mean_max_prob_outlier": NaN
}