{
  "0": {
    "precision": 0.6666666666666666,
    "recall": 0.3333333333333333,
    "f1-score": 0.4444444444444444,
    "support": 24.0
  },
  "1": {
    "precision": 0.6538461538461539,
    "recall": 0.7391304347826086,
    "f1-score": 0.693877551020408,
    "support": 23.0
  },
  "2": {
    "precision": 0.0,
    "recall": 0.0,
    "f1-score": 0.0,
    "support": 24.0
  },
  "3": {
    "precision": 1.0,
    "recall": 0.16666666666666666,
    "f1-score": 0.2857142857142857,
    "support": 24.0
  },
  "4": {
    "precision": 0.0,
    "recall": 0.0,
    "f1-score": 0.0,
    "support": 24.0
  },
  "5": {
    "precision": 0.625,
    "recall": 0.43478260869565216,
    "f1-score": 0.5128205128205128,
    "support": 23.0
  },
  "6": {
    "precision": 0.3076923076923077,
    "recall": 1.0,
    "f1-score": 0.47058823529411764,
    "support": 24.0
  },
  "7": {
    "precision": 0.0,
    "recall": 0.0,
    "f1-score": 0.0,
    "support": 0.0
  },
  "8": {
    "precision": 0.0,
    "recall": 0.0,
    "f1-score": 0.0,
    "support": 0.0
  },
  "micro avg": {
    "precision": 0.3795180722891566,
    "recall": 0.3795180722891566,
    "f1-score": 0.3795180722891566,
    "support": 166.0
  },
  "macro avg": {
    "precision": 0.36146723646723644,
    "recall": 0.2971014492753623,
    "f1-score": 0.2674938921437521,
    "support": 166.0
  },
  "weighted avg": {
    "precision": 0.4626390176088972,
    "recall": 0.3795180722891566,
    "f1-score": 0.3407950761398164,
    "support": 166.0
  }
}