{
  "mean_entropy": 1.0228223997789125,
  "mean_entropy_known": 1.4156784042716026,
  "mean_entropy_outlier": 0.6299663952862223,
  "mean_max_prob_known": 0.45178761643668014,
  "mean_max_prob_outlier": 0.7901660334318876
}