split,index,label,pred,max_prob,entropy,is_outlier
target_val,0,0,3,0.2504574954509735,1.597212791442871,False
target_val,1,0,3,0.2510688900947571,1.5968308448791504,False
target_val,2,0,3,0.25191110372543335,1.5966717004776,False
target_val,3,0,3,0.24368679523468018,1.5994808673858643,False
