{
  "0": {
    "precision": 0.15,
    "recall": 1.0,
    "f1-score": 0.2608695652173913,
    "support": 24.0
  },
  "1": {
    "precision": 0.0,
    "recall": 0.0,
    "f1-score": 0.0,
    "support": 23.0
  },
  "2": {
    "precision": 0.0,
    "recall": 0.0,
    "f1-score": 0.0,
    "support": 24.0
  },
  "3": {
    "precision": 0.0,
    "recall": 0.0,
    "f1-score": 0.0,
    "support": 24.0
  },
  "4": {
    "precision": 0.0,
    "recall": 0.0,
    "f1-score": 0.0,
    "support": 24.0
  },
  "5": {
    "precision": 0.0,
    "recall": 0.0,
    "f1-score": 0.0,
    "support": 23.0
  },
  "6": {
    "precision": 0.0,
    "recall": 0.0,
    "f1-score": 0.0,
    "support": 24.0
  },
  "7": {
    "precision": 0.0,
    "recall": 0.0,
    "f1-score": 0.0,
    "support": 0.0
  },
  "8": {
    "precision": 0.0,
    "recall": 0.0,
    "f1-score": 0.0,
    "support": 0.0
  },
  "micro avg": {
    "precision": 0.14457831325301204,
    "recall": 0.14457831325301204,
    "f1-score": 0.14457831325301204,
    "support": 166.0
  },
  "macro avg": {
    "precision": 0.016666666666666666,
    "recall": 0.1111111111111111,
    "f1-score": 0.028985507246376812,
    "support": 166.0
  },
  "weighted avg": {
    "precision": 0.021686746987951804,
    "recall": 0.14457831325301204,
    "f1-score": 0.03771608171817705,
    "support": 166.0
  }
}