{
  "mean_entropy": 1.6057291527589161,
  "mean_entropy_known": 1.6057291527589161,
  "mean_entropy_outlier": NaN,
  "mean_max_prob_known": 0.21992063522338867,
  "mean_max_prob_outlier": NaN
}