{
  "0": {
    "precision": 0.7777777777777778,
    "recall": 0.7777777777777778,
    "f1-score": 0.7777777777777778,
    "support": 9.0
  },
  "1": {
    "precision": 0.5833333333333334,
    "recall": 0.7,
    "f1-score": 0.6363636363636365,
    "support": 10.0
  },
  "2": {
    "precision": 0.7727272727272727,
    "recall": 0.8947368421052632,
    "f1-score": 0.8292682926829269,
    "support": 19.0
  },
  "3": {
    "precision": 0.8,
    "recall": 0.47058823529411764,
    "f1-score": 0.5925925925925927,
    "support": 17.0
  },
  "4": {
    "precision": 0.5714285714285714,
    "recall": 0.631578947368421,
    "f1-score": 0.6,
    "support": 19.0
  },
  "accuracy": 0.6891891891891891,
  "macro avg": {
    "precision": 0.701053391053391,
    "recall": 0.6949363605091159,
    "f1-score": 0.6872004598833867,
    "support": 74.0
  },
  "weighted avg": {
    "precision": 0.7023283023283023,
    "recall": 0.6891891891891891,
    "f1-score": 0.6837001080903521,
    "support": 74.0
  }
}