{
  "0": {
    "precision": 0.0,
    "recall": 0.0,
    "f1-score": 0.0,
    "support": 5.0
  },
  "1": {
    "precision": 0.4,
    "recall": 0.8,
    "f1-score": 0.5333333333333333,
    "support": 5.0
  },
  "2": {
    "precision": 0.0,
    "recall": 0.0,
    "f1-score": 0.0,
    "support": 1.0
  },
  "3": {
    "precision": 0.0,
    "recall": 0.0,
    "f1-score": 0.0,
    "support": 0.0
  },
  "4": {
    "precision": 0.0,
    "recall": 0.0,
    "f1-score": 0.0,
    "support": 1.0
  },
  "accuracy": 0.3333333333333333,
  "macro avg": {
    "precision": 0.08,
    "recall": 0.16,
    "f1-score": 0.10666666666666666,
    "support": 12.0
  },
  "weighted avg": {
    "precision": 0.16666666666666666,
    "recall": 0.3333333333333333,
    "f1-score": 0.2222222222222222,
    "support": 12.0
  }
}