{
  "mean_entropy": 1.5588460774035067,
  "mean_entropy_known": 1.5588460774035067,
  "mean_entropy_outlier": NaN,
  "mean_max_prob_known": 0.3038086287073187,
  "mean_max_prob_outlier": NaN
}