{
  "0": {
    "precision": 0.45454545454545453,
    "recall": 0.625,
    "f1-score": 0.5263157894736842,
    "support": 8.0
  },
  "1": {
    "precision": 0.2692307692307692,
    "recall": 0.7,
    "f1-score": 0.3888888888888889,
    "support": 10.0
  },
  "2": {
    "precision": 0.8,
    "recall": 0.25,
    "f1-score": 0.38095238095238093,
    "support": 16.0
  },
  "3": {
    "precision": 0.47619047619047616,
    "recall": 0.7142857142857143,
    "f1-score": 0.5714285714285714,
    "support": 14.0
  },
  "4": {
    "precision": 0.0,
    "recall": 0.0,
    "f1-score": 0.0,
    "support": 16.0
  },
  "accuracy": 0.40625,
  "macro avg": {
    "precision": 0.39999333999333997,
    "recall": 0.45785714285714285,
    "f1-score": 0.3735171261487051,
    "support": 64.0
  },
  "weighted avg": {
    "precision": 0.4030521561771562,
    "recall": 0.40625,
    "f1-score": 0.34679145781119464,
    "support": 64.0
  }
}