{
  "mean_entropy": 0.9040325880050659,
  "mean_entropy_known": 0.9040325880050659,
  "mean_entropy_outlier": NaN,
  "mean_max_prob_known": 0.7171159982681274,
  "mean_max_prob_outlier": NaN
}