{
  "wall_time_sec": 653.8933169841766,
  "time_to_best_sec": 419.91526794433594,
  "best_epoch": 32,
  "transfer_mode": true,
  "num_target_samples": 854,
  "best_target_balanced_accuracy": 0.9791666666666666,
  "best_target_common_accuracy": 0.9789473684210527
}