{
  "0": {
    "precision": 0.38095238095238093,
    "recall": 0.8888888888888888,
    "f1-score": 0.5333333333333333,
    "support": 9.0
  },
  "1": {
    "precision": 0.2222222222222222,
    "recall": 0.8,
    "f1-score": 0.3478260869565218,
    "support": 10.0
  },
  "2": {
    "precision": 0.8,
    "recall": 0.631578947368421,
    "f1-score": 0.7058823529411765,
    "support": 19.0
  },
  "3": {
    "precision": 1.0,
    "recall": 0.058823529411764705,
    "f1-score": 0.1111111111111111,
    "support": 17.0
  },
  "4": {
    "precision": 1.0,
    "recall": 0.05263157894736842,
    "f1-score": 0.1,
    "support": 19.0
  },
  "accuracy": 0.40540540540540543,
  "macro avg": {
    "precision": 0.6806349206349206,
    "recall": 0.4863845889232886,
    "f1-score": 0.3596305768684286,
    "support": 74.0
  },
  "weighted avg": {
    "precision": 0.7682539682539682,
    "recall": 0.40540540540540543,
    "f1-score": 0.34430965492346566,
    "support": 74.0
  }
}