{
  "mean_entropy": 1.4015710257195138,
  "mean_entropy_known": 1.4015710257195138,
  "mean_entropy_outlier": NaN,
  "mean_max_prob_known": 0.41467501464727763,
  "mean_max_prob_outlier": NaN
}