{
  "mean_entropy": 0.6849435062613338,
  "mean_entropy_known": 0.2895046169869602,
  "mean_entropy_outlier": 1.0803823955357075,
  "mean_max_prob_known": 0.91312134390076,
  "mean_max_prob_outlier": 0.5725455035765966
}