{
  "0": {
    "precision": 0.2857142857142857,
    "recall": 1.0,
    "f1-score": 0.4444444444444445,
    "support": 8.0
  },
  "1": {
    "precision": 0.4444444444444444,
    "recall": 0.8,
    "f1-score": 0.5714285714285714,
    "support": 10.0
  },
  "2": {
    "precision": 1.0,
    "recall": 0.0625,
    "f1-score": 0.11764705882352941,
    "support": 16.0
  },
  "3": {
    "precision": 0.875,
    "recall": 0.5,
    "f1-score": 0.6363636363636364,
    "support": 14.0
  },
  "4": {
    "precision": 0.4444444444444444,
    "recall": 0.25,
    "f1-score": 0.32,
    "support": 16.0
  },
  "accuracy": 0.4375,
  "macro avg": {
    "precision": 0.609920634920635,
    "recall": 0.5225,
    "f1-score": 0.4179767422120363,
    "support": 64.0
  },
  "weighted avg": {
    "precision": 0.6576760912698414,
    "recall": 0.4375,
    "f1-score": 0.39345758000169767,
    "support": 64.0
  }
}