{
  "mean_entropy": 0.9546640962362289,
  "mean_entropy_known": 0.9546640962362289,
  "mean_entropy_outlier": NaN,
  "mean_max_prob_known": 0.6442088236411413,
  "mean_max_prob_outlier": NaN
}