{
  "0": {
    "precision": 1.0,
    "recall": 1.0,
    "f1-score": 1.0,
    "support": 95.0
  },
  "1": {
    "precision": 0.0,
    "recall": 0.0,
    "f1-score": 0.0,
    "support": 0.0
  },
  "2": {
    "precision": 1.0,
    "recall": 1.0,
    "f1-score": 1.0,
    "support": 23.0
  },
  "3": {
    "precision": 1.0,
    "recall": 1.0,
    "f1-score": 1.0,
    "support": 24.0
  },
  "4": {
    "precision": 0.9130434782608695,
    "recall": 0.9130434782608695,
    "f1-score": 0.9130434782608695,
    "support": 23.0
  },
  "5": {
    "precision": 0.9130434782608695,
    "recall": 0.875,
    "f1-score": 0.8936170212765957,
    "support": 24.0
  },
  "6": {
    "precision": 1.0,
    "recall": 1.0,
    "f1-score": 1.0,
    "support": 24.0
  },
  "7": {
    "precision": 0.96,
    "recall": 1.0,
    "f1-score": 0.9795918367346939,
    "support": 24.0
  },
  "8": {
    "precision": 0.0,
    "recall": 0.0,
    "f1-score": 0.0,
    "support": 0.0
  },
  "micro avg": {
    "precision": 0.9789029535864979,
    "recall": 0.9789029535864979,
    "f1-score": 0.9789029535864979,
    "support": 237.0
  },
  "macro avg": {
    "precision": 0.7540096618357488,
    "recall": 0.7542270531400965,
    "f1-score": 0.7540280373635732,
    "support": 237.0
  },
  "weighted avg": {
    "precision": 0.9787048248027884,
    "recall": 0.9789029535864979,
    "f1-score": 0.9787215721192868,
    "support": 237.0
  }
}