{
  "0": {
    "precision": 1.0,
    "recall": 0.8,
    "f1-score": 0.888888888888889,
    "support": 5.0
  },
  "1": {
    "precision": 0.0,
    "recall": 0.0,
    "f1-score": 0.0,
    "support": 5.0
  },
  "2": {
    "precision": 0.0,
    "recall": 0.0,
    "f1-score": 0.0,
    "support": 1.0
  },
  "3": {
    "precision": 0.0,
    "recall": 0.0,
    "f1-score": 0.0,
    "support": 0.0
  },
  "4": {
    "precision": 0.14285714285714285,
    "recall": 1.0,
    "f1-score": 0.25,
    "support": 1.0
  },
  "accuracy": 0.4166666666666667,
  "macro avg": {
    "precision": 0.22857142857142856,
    "recall": 0.36,
    "f1-score": 0.22777777777777777,
    "support": 12.0
  },
  "weighted avg": {
    "precision": 0.4285714285714286,
    "recall": 0.4166666666666667,
    "f1-score": 0.3912037037037037,
    "support": 12.0
  }
}