{
  "mean_entropy": 2.030109872420629,
  "mean_entropy_known": 2.030109872420629,
  "mean_entropy_outlier": NaN,
  "mean_max_prob_known": 0.22433620567123094,
  "mean_max_prob_outlier": NaN
}