{
  "wall_time_sec": 11.143548965454102,
  "time_to_best_sec": 6.349828004837036,
  "best_epoch": 37,
  "transfer_mode": true,
  "num_target_samples": 41,
  "best_target_balanced_accuracy": 0.45,
  "best_target_common_accuracy": 0.4166666666666667
}