{
  "mean_entropy": 1.6072866419951122,
  "mean_entropy_known": 1.6072866419951122,
  "mean_entropy_outlier": NaN,
  "mean_max_prob_known": 0.21383900319536528,
  "mean_max_prob_outlier": NaN
}