{
  "0": {
    "precision": 0.3870967741935484,
    "recall": 1.0,
    "f1-score": 0.5581395348837209,
    "support": 24.0
  },
  "1": {
    "precision": 0.6388888888888888,
    "recall": 1.0,
    "f1-score": 0.7796610169491525,
    "support": 23.0
  },
  "2": {
    "precision": 0.0,
    "recall": 0.0,
    "f1-score": 0.0,
    "support": 24.0
  },
  "3": {
    "precision": 1.0,
    "recall": 1.0,
    "f1-score": 1.0,
    "support": 24.0
  },
  "4": {
    "precision": 0.0,
    "recall": 0.0,
    "f1-score": 0.0,
    "support": 23.0
  },
  "5": {
    "precision": 0.85,
    "recall": 0.7083333333333334,
    "f1-score": 0.7727272727272727,
    "support": 24.0
  },
  "6": {
    "precision": 0.0,
    "recall": 0.0,
    "f1-score": 0.0,
    "support": 0.0
  },
  "7": {
    "precision": 0.0,
    "recall": 0.0,
    "f1-score": 0.0,
    "support": 0.0
  },
  "8": {
    "precision": 0.0,
    "recall": 0.0,
    "f1-score": 0.0,
    "support": 0.0
  },
  "micro avg": {
    "precision": 0.6197183098591549,
    "recall": 0.6197183098591549,
    "f1-score": 0.6197183098591549,
    "support": 142.0
  },
  "macro avg": {
    "precision": 0.31955396256471524,
    "recall": 0.41203703703703703,
    "f1-score": 0.3456142027289051,
    "support": 142.0
  },
  "weighted avg": {
    "precision": 0.48158286637387043,
    "recall": 0.6197183098591549,
    "f1-score": 0.5202324420598193,
    "support": 142.0
  }
}