{
  "0": {
    "precision": 0.13333333333333333,
    "recall": 0.5,
    "f1-score": 0.2105263157894737,
    "support": 8.0
  },
  "1": {
    "precision": 0.0,
    "recall": 0.0,
    "f1-score": 0.0,
    "support": 10.0
  },
  "2": {
    "precision": 0.0,
    "recall": 0.0,
    "f1-score": 0.0,
    "support": 16.0
  },
  "3": {
    "precision": 0.4117647058823529,
    "recall": 0.5,
    "f1-score": 0.45161290322580644,
    "support": 14.0
  },
  "4": {
    "precision": 0.35294117647058826,
    "recall": 0.375,
    "f1-score": 0.3636363636363636,
    "support": 16.0
  },
  "accuracy": 0.265625,
  "macro avg": {
    "precision": 0.1796078431372549,
    "recall": 0.275,
    "f1-score": 0.20515511653032875,
    "support": 64.0
  },
  "weighted avg": {
    "precision": 0.19497549019607843,
    "recall": 0.265625,
    "f1-score": 0.21601520296342025,
    "support": 64.0
  }
}