{
  "mean_entropy": 1.2893125613530476,
  "mean_entropy_known": 1.2893125613530476,
  "mean_entropy_outlier": NaN,
  "mean_max_prob_known": 0.4468168541789055,
  "mean_max_prob_outlier": NaN
}