{
  "wall_time_sec": 2.6968441009521484,
  "time_to_best_sec": 1.977912187576294,
  "best_epoch": 46,
  "transfer_mode": true,
  "num_target_samples": 41,
  "best_target_balanced_accuracy": 0.5,
  "best_target_common_accuracy": 0.16666666666666666
}