{
  "mean_entropy": 2.301382839679718,
  "mean_entropy_known": 2.301382839679718,
  "mean_entropy_outlier": NaN,
  "mean_max_prob_known": 0.10982369010647137,
  "mean_max_prob_outlier": NaN
}