{
  "0": {
    "precision": 0.36363636363636365,
    "recall": 0.8,
    "f1-score": 0.5000000000000001,
    "support": 5.0
  },
  "1": {
    "precision": 0.0,
    "recall": 0.0,
    "f1-score": 0.0,
    "support": 5.0
  },
  "2": {
    "precision": 0.0,
    "recall": 0.0,
    "f1-score": 0.0,
    "support": 1.0
  },
  "3": {
    "precision": 0.0,
    "recall": 0.0,
    "f1-score": 0.0,
    "support": 0.0
  },
  "4": {
    "precision": 0.0,
    "recall": 0.0,
    "f1-score": 0.0,
    "support": 1.0
  },
  "micro avg": {
    "precision": 0.3333333333333333,
    "recall": 0.3333333333333333,
    "f1-score": 0.3333333333333333,
    "support": 12.0
  },
  "macro avg": {
    "precision": 0.07272727272727272,
    "recall": 0.16,
    "f1-score": 0.10000000000000002,
    "support": 12.0
  },
  "weighted avg": {
    "precision": 0.15151515151515152,
    "recall": 0.3333333333333333,
    "f1-score": 0.20833333333333337,
    "support": 12.0
  }
}