{
  "mean_entropy": 1.6014559467633565,
  "mean_entropy_known": 1.6014559467633565,
  "mean_entropy_outlier": NaN,
  "mean_max_prob_known": 0.22802511602640152,
  "mean_max_prob_outlier": NaN
}