{
  "wall_time_sec": 518.9625196456909,
  "time_to_best_sec": 495.1259717941284,
  "best_epoch": 47,
  "transfer_mode": true,
  "num_target_samples": 758,
  "best_target_balanced_accuracy": 0.9580745341614907,
  "best_target_common_accuracy": 0.9578313253012049
}