{
  "0": {
    "precision": 0.3125,
    "recall": 0.5555555555555556,
    "f1-score": 0.39999999999999997,
    "support": 9.0
  },
  "1": {
    "precision": 0.7272727272727273,
    "recall": 0.8,
    "f1-score": 0.761904761904762,
    "support": 10.0
  },
  "2": {
    "precision": 0.7272727272727273,
    "recall": 0.8421052631578947,
    "f1-score": 0.7804878048780488,
    "support": 19.0
  },
  "3": {
    "precision": 0.5714285714285714,
    "recall": 0.47058823529411764,
    "f1-score": 0.5161290322580646,
    "support": 17.0
  },
  "4": {
    "precision": 0.7272727272727273,
    "recall": 0.42105263157894735,
    "f1-score": 0.5333333333333333,
    "support": 19.0
  },
  "accuracy": 0.6081081081081081,
  "macro avg": {
    "precision": 0.6131493506493507,
    "recall": 0.617860337117303,
    "f1-score": 0.5983709864748417,
    "support": 74.0
  },
  "weighted avg": {
    "precision": 0.6410253597753599,
    "recall": 0.6081081081081081,
    "f1-score": 0.6075113891006889,
    "support": 74.0
  }
}