{
  "0": {
    "precision": 1.0,
    "recall": 0.6,
    "f1-score": 0.7499999999999999,
    "support": 5.0
  },
  "1": {
    "precision": 0.7142857142857143,
    "recall": 1.0,
    "f1-score": 0.8333333333333333,
    "support": 5.0
  },
  "2": {
    "precision": 0.0,
    "recall": 0.0,
    "f1-score": 0.0,
    "support": 1.0
  },
  "3": {
    "precision": 0.0,
    "recall": 0.0,
    "f1-score": 0.0,
    "support": 0.0
  },
  "4": {
    "precision": 1.0,
    "recall": 1.0,
    "f1-score": 1.0,
    "support": 1.0
  },
  "accuracy": 0.75,
  "macro avg": {
    "precision": 0.5428571428571429,
    "recall": 0.52,
    "f1-score": 0.5166666666666666,
    "support": 12.0
  },
  "weighted avg": {
    "precision": 0.7976190476190476,
    "recall": 0.75,
    "f1-score": 0.7430555555555555,
    "support": 12.0
  }
}