{
  "mean_entropy": 2.26706596215566,
  "mean_entropy_known": 2.26706596215566,
  "mean_entropy_outlier": NaN,
  "mean_max_prob_known": 0.14560596023996672,
  "mean_max_prob_outlier": NaN
}