{
  "wall_time_sec": 5.397852897644043,
  "time_to_best_sec": 0.9195718765258789,
  "best_epoch": 14,
  "transfer_mode": true,
  "num_target_samples": 41,
  "best_target_balanced_accuracy": 0.7,
  "best_target_common_accuracy": 0.8333333333333334
}