{
  "0": {
    "precision": 0.7,
    "recall": 0.7777777777777778,
    "f1-score": 0.7368421052631577,
    "support": 9.0
  },
  "1": {
    "precision": 0.5714285714285714,
    "recall": 0.8,
    "f1-score": 0.6666666666666666,
    "support": 10.0
  },
  "2": {
    "precision": 0.9375,
    "recall": 0.7894736842105263,
    "f1-score": 0.8571428571428572,
    "support": 19.0
  },
  "3": {
    "precision": 0.7272727272727273,
    "recall": 0.47058823529411764,
    "f1-score": 0.5714285714285714,
    "support": 17.0
  },
  "4": {
    "precision": 0.6956521739130435,
    "recall": 0.8421052631578947,
    "f1-score": 0.761904761904762,
    "support": 19.0
  },
  "accuracy": 0.7297297297297297,
  "macro avg": {
    "precision": 0.7263706945228685,
    "recall": 0.7359889920880633,
    "f1-score": 0.718796992481203,
    "support": 74.0
  },
  "weighted avg": {
    "precision": 0.7487542348955393,
    "recall": 0.7297297297297297,
    "f1-score": 0.726681568786832,
    "support": 74.0
  }
}