{
  "0": {
    "precision": 0.7142857142857143,
    "recall": 0.625,
    "f1-score": 0.6666666666666666,
    "support": 8.0
  },
  "1": {
    "precision": 0.0,
    "recall": 0.0,
    "f1-score": 0.0,
    "support": 10.0
  },
  "2": {
    "precision": 0.5555555555555556,
    "recall": 0.9375,
    "f1-score": 0.6976744186046512,
    "support": 16.0
  },
  "3": {
    "precision": 0.4482758620689655,
    "recall": 0.9285714285714286,
    "f1-score": 0.6046511627906977,
    "support": 14.0
  },
  "4": {
    "precision": 0.0,
    "recall": 0.0,
    "f1-score": 0.0,
    "support": 16.0
  },
  "accuracy": 0.515625,
  "macro avg": {
    "precision": 0.34362342638204707,
    "recall": 0.4982142857142858,
    "f1-score": 0.39379844961240307,
    "support": 64.0
  },
  "weighted avg": {
    "precision": 0.32623494800218944,
    "recall": 0.515625,
    "f1-score": 0.39001937984496127,
    "support": 64.0
  }
}