split,index,label,pred,max_prob,entropy,is_outlier
target_val,0,3,3,0.4359067678451538,1.2655487060546875,False
target_val,1,3,3,0.4305340349674225,1.2855366468429565,False
target_val,2,3,3,0.42417973279953003,1.288068413734436,False
