{
  "mean_entropy": 1.2797179222106934,
  "mean_entropy_known": 1.2797179222106934,
  "mean_entropy_outlier": NaN,
  "mean_max_prob_known": 0.43020684520403546,
  "mean_max_prob_outlier": NaN
}