{
  "0": {
    "precision": 0.0,
    "recall": 0.0,
    "f1-score": 0.0,
    "support": 5.0
  },
  "1": {
    "precision": 0.5,
    "recall": 1.0,
    "f1-score": 0.6666666666666666,
    "support": 5.0
  },
  "2": {
    "precision": 0.0,
    "recall": 0.0,
    "f1-score": 0.0,
    "support": 1.0
  },
  "3": {
    "precision": 0.0,
    "recall": 0.0,
    "f1-score": 0.0,
    "support": 0.0
  },
  "4": {
    "precision": 0.0,
    "recall": 0.0,
    "f1-score": 0.0,
    "support": 1.0
  },
  "micro avg": {
    "precision": 0.4166666666666667,
    "recall": 0.4166666666666667,
    "f1-score": 0.4166666666666667,
    "support": 12.0
  },
  "macro avg": {
    "precision": 0.1,
    "recall": 0.2,
    "f1-score": 0.13333333333333333,
    "support": 12.0
  },
  "weighted avg": {
    "precision": 0.20833333333333334,
    "recall": 0.4166666666666667,
    "f1-score": 0.27777777777777773,
    "support": 12.0
  }
}