{
  "mean_entropy": 1.4738590105159863,
  "mean_entropy_known": 1.4738590105159863,
  "mean_entropy_outlier": NaN,
  "mean_max_prob_known": 0.37294003850704915,
  "mean_max_prob_outlier": NaN
}