{
  "0": {
    "precision": 1.0,
    "recall": 0.4166666666666667,
    "f1-score": 0.5882352941176471,
    "support": 24.0
  },
  "1": {
    "precision": 0.9473684210526315,
    "recall": 0.782608695652174,
    "f1-score": 0.8571428571428571,
    "support": 23.0
  },
  "2": {
    "precision": 0.0,
    "recall": 0.0,
    "f1-score": 0.0,
    "support": 24.0
  },
  "3": {
    "precision": 1.0,
    "recall": 0.3333333333333333,
    "f1-score": 0.5,
    "support": 24.0
  },
  "4": {
    "precision": 0.0,
    "recall": 0.0,
    "f1-score": 0.0,
    "support": 24.0
  },
  "5": {
    "precision": 0.7241379310344828,
    "recall": 0.9130434782608695,
    "f1-score": 0.8076923076923076,
    "support": 23.0
  },
  "6": {
    "precision": 0.3,
    "recall": 1.0,
    "f1-score": 0.4615384615384615,
    "support": 24.0
  },
  "7": {
    "precision": 0.0,
    "recall": 0.0,
    "f1-score": 0.0,
    "support": 0.0
  },
  "8": {
    "precision": 0.0,
    "recall": 0.0,
    "f1-score": 0.0,
    "support": 0.0
  },
  "micro avg": {
    "precision": 0.4879518072289157,
    "recall": 0.4879518072289157,
    "f1-score": 0.4879518072289157,
    "support": 166.0
  },
  "macro avg": {
    "precision": 0.44127848356523486,
    "recall": 0.3828502415458937,
    "f1-score": 0.35717876894347483,
    "support": 166.0
  },
  "weighted avg": {
    "precision": 0.5641243740843591,
    "recall": 0.4879518072289157,
    "f1-score": 0.45473360799370716,
    "support": 166.0
  }
}