{
  "0": {
    "precision": 0.625,
    "recall": 0.5555555555555556,
    "f1-score": 0.5882352941176471,
    "support": 9.0
  },
  "1": {
    "precision": 0.6153846153846154,
    "recall": 0.8,
    "f1-score": 0.6956521739130435,
    "support": 10.0
  },
  "2": {
    "precision": 0.6956521739130435,
    "recall": 0.8421052631578947,
    "f1-score": 0.761904761904762,
    "support": 19.0
  },
  "3": {
    "precision": 0.5384615384615384,
    "recall": 0.8235294117647058,
    "f1-score": 0.6511627906976744,
    "support": 17.0
  },
  "4": {
    "precision": 1.0,
    "recall": 0.21052631578947367,
    "f1-score": 0.34782608695652173,
    "support": 19.0
  },
  "accuracy": 0.6351351351351351,
  "macro avg": {
    "precision": 0.6948996655518395,
    "recall": 0.646343309253526,
    "f1-score": 0.6089562215179297,
    "support": 74.0
  },
  "weighted avg": {
    "precision": 0.7182443731356775,
    "recall": 0.6351351351351351,
    "f1-score": 0.6000715264380286,
    "support": 74.0
  }
}