split,index,label,pred,max_prob,entropy,is_outlier
target_val,0,0,0,0.27130815386772156,1.926283836364746,False
target_val,1,0,0,0.32135316729545593,2.0719189643859863,False
target_val,2,0,0,0.2537551522254944,2.178539991378784,False
target_val,3,0,0,0.36803606152534485,1.854719638824463,False
