{
  "mean_entropy": 2.007865607738495,
  "mean_entropy_known": 2.007865607738495,
  "mean_entropy_outlier": NaN,
  "mean_max_prob_known": 0.3036131337285042,
  "mean_max_prob_outlier": NaN
}