{
  "mean_entropy": 2.1218767166137695,
  "mean_entropy_known": 2.1218767166137695,
  "mean_entropy_outlier": NaN,
  "mean_max_prob_known": 0.22422305991252264,
  "mean_max_prob_outlier": NaN
}