{
  "mean_entropy": 1.6069216628869374,
  "mean_entropy_known": 1.6069216628869374,
  "mean_entropy_outlier": NaN,
  "mean_max_prob_known": 0.21793311337629953,
  "mean_max_prob_outlier": NaN
}