{
  "wall_time_sec": 5.799628973007202,
  "time_to_best_sec": 0.06017708778381348,
  "best_epoch": 0,
  "transfer_mode": true,
  "num_target_samples": 41,
  "best_target_balanced_accuracy": 0.25,
  "best_target_common_accuracy": 0.4166666666666667
}