split,index,label,pred,max_prob,entropy,is_outlier
target_val,0,0,0,0.2233104705810547,1.6061036586761475,False
target_val,1,0,4,0.23520728945732117,1.6001163721084595,False
target_val,2,0,3,0.22569650411605835,1.5998578071594238,False
target_val,3,0,3,0.279075562953949,1.5786317586898804,False
