{
  "mean_entropy": 1.5961773991584778,
  "mean_entropy_known": 1.5961773991584778,
  "mean_entropy_outlier": NaN,
  "mean_max_prob_known": 0.2408224567770958,
  "mean_max_prob_outlier": NaN
}