{
  "0": {
    "precision": 0.7142857142857143,
    "recall": 0.625,
    "f1-score": 0.6666666666666666,
    "support": 8.0
  },
  "1": {
    "precision": 1.0,
    "recall": 0.1,
    "f1-score": 0.18181818181818182,
    "support": 10.0
  },
  "2": {
    "precision": 0.5769230769230769,
    "recall": 0.9375,
    "f1-score": 0.7142857142857143,
    "support": 16.0
  },
  "3": {
    "precision": 0.4642857142857143,
    "recall": 0.9285714285714286,
    "f1-score": 0.6190476190476191,
    "support": 14.0
  },
  "4": {
    "precision": 0.5,
    "recall": 0.0625,
    "f1-score": 0.1111111111111111,
    "support": 16.0
  },
  "accuracy": 0.546875,
  "macro avg": {
    "precision": 0.6510989010989011,
    "recall": 0.5307142857142857,
    "f1-score": 0.45858585858585854,
    "support": 64.0
  },
  "weighted avg": {
    "precision": 0.6163289835164836,
    "recall": 0.546875,
    "f1-score": 0.4535082972582973,
    "support": 64.0
  }
}