split,index,label,pred,max_prob,entropy,is_outlier
target_val,0,3,3,0.3957473337650299,1.2682636976242065,False
target_val,1,3,3,0.40808233618736267,1.2689672708511353,False
target_val,2,3,3,0.399027556180954,1.2761130332946777,False
