{
  "mean_entropy": 1.271114667256673,
  "mean_entropy_known": 1.271114667256673,
  "mean_entropy_outlier": NaN,
  "mean_max_prob_known": 0.40095240871111554,
  "mean_max_prob_outlier": NaN
}