{
  "0": {
    "precision": 0.9595959595959596,
    "recall": 1.0,
    "f1-score": 0.979381443298969,
    "support": 95.0
  },
  "1": {
    "precision": 0.0,
    "recall": 0.0,
    "f1-score": 0.0,
    "support": 24.0
  },
  "2": {
    "precision": 0.0,
    "recall": 0.0,
    "f1-score": 0.0,
    "support": 24.0
  },
  "3": {
    "precision": 0.0,
    "recall": 0.0,
    "f1-score": 0.0,
    "support": 24.0
  },
  "4": {
    "precision": 0.2608695652173913,
    "recall": 1.0,
    "f1-score": 0.41379310344827586,
    "support": 24.0
  },
  "5": {
    "precision": 0.0,
    "recall": 0.0,
    "f1-score": 0.0,
    "support": 0.0
  },
  "6": {
    "precision": 0.0,
    "recall": 0.0,
    "f1-score": 0.0,
    "support": 0.0
  },
  "7": {
    "precision": 0.0,
    "recall": 0.0,
    "f1-score": 0.0,
    "support": 0.0
  },
  "8": {
    "precision": 0.0,
    "recall": 0.0,
    "f1-score": 0.0,
    "support": 0.0
  },
  "micro avg": {
    "precision": 0.6230366492146597,
    "recall": 0.6230366492146597,
    "f1-score": 0.6230366492146597,
    "support": 191.0
  },
  "macro avg": {
    "precision": 0.13560728053481677,
    "recall": 0.2222222222222222,
    "f1-score": 0.154797171860805,
    "support": 191.0
  },
  "weighted avg": {
    "precision": 0.5100653702975578,
    "recall": 0.6230366492146597,
    "f1-score": 0.5391218408175952,
    "support": 191.0
  }
}