{
  "0": {
    "precision": 0.14285714285714285,
    "recall": 0.2,
    "f1-score": 0.16666666666666666,
    "support": 5.0
  },
  "1": {
    "precision": 0.0,
    "recall": 0.0,
    "f1-score": 0.0,
    "support": 5.0
  },
  "2": {
    "precision": 0.0,
    "recall": 0.0,
    "f1-score": 0.0,
    "support": 1.0
  },
  "3": {
    "precision": 0.0,
    "recall": 0.0,
    "f1-score": 0.0,
    "support": 0.0
  },
  "4": {
    "precision": 0.0,
    "recall": 0.0,
    "f1-score": 0.0,
    "support": 1.0
  },
  "micro avg": {
    "precision": 0.08333333333333333,
    "recall": 0.08333333333333333,
    "f1-score": 0.08333333333333333,
    "support": 12.0
  },
  "macro avg": {
    "precision": 0.02857142857142857,
    "recall": 0.04,
    "f1-score": 0.03333333333333333,
    "support": 12.0
  },
  "weighted avg": {
    "precision": 0.059523809523809514,
    "recall": 0.08333333333333333,
    "f1-score": 0.06944444444444443,
    "support": 12.0
  }
}