{
  "0": {
    "precision": 0.2857142857142857,
    "recall": 0.2222222222222222,
    "f1-score": 0.25,
    "support": 9.0
  },
  "1": {
    "precision": 0.7777777777777778,
    "recall": 0.7,
    "f1-score": 0.7368421052631577,
    "support": 10.0
  },
  "2": {
    "precision": 0.6956521739130435,
    "recall": 0.8421052631578947,
    "f1-score": 0.761904761904762,
    "support": 19.0
  },
  "3": {
    "precision": 0.45161290322580644,
    "recall": 0.8235294117647058,
    "f1-score": 0.5833333333333333,
    "support": 17.0
  },
  "4": {
    "precision": 1.0,
    "recall": 0.21052631578947367,
    "f1-score": 0.34782608695652173,
    "support": 19.0
  },
  "accuracy": 0.581081081081081,
  "macro avg": {
    "precision": 0.6421514281261826,
    "recall": 0.5596766425868592,
    "f1-score": 0.535981257491555,
    "support": 74.0
  },
  "weighted avg": {
    "precision": 0.6789732028161201,
    "recall": 0.581081081081081,
    "f1-score": 0.5489185655089546,
    "support": 74.0
  }
}