{
  "mean_entropy": 1.606471300125122,
  "mean_entropy_known": 1.606471300125122,
  "mean_entropy_outlier": NaN,
  "mean_max_prob_known": 0.21908412873744965,
  "mean_max_prob_outlier": NaN
}