{
  "wall_time_sec": 4.5239176750183105,
  "time_to_best_sec": 0.056079864501953125,
  "best_epoch": 0,
  "transfer_mode": true,
  "num_target_samples": 41,
  "best_target_balanced_accuracy": 0.25,
  "best_target_common_accuracy": 0.4166666666666667
}