{
  "0": {
    "precision": 0.875,
    "recall": 0.7777777777777778,
    "f1-score": 0.823529411764706,
    "support": 9.0
  },
  "1": {
    "precision": 0.4444444444444444,
    "recall": 0.8,
    "f1-score": 0.5714285714285714,
    "support": 10.0
  },
  "2": {
    "precision": 0.9444444444444444,
    "recall": 0.8947368421052632,
    "f1-score": 0.918918918918919,
    "support": 19.0
  },
  "3": {
    "precision": 0.8888888888888888,
    "recall": 0.47058823529411764,
    "f1-score": 0.6153846153846153,
    "support": 17.0
  },
  "4": {
    "precision": 0.5714285714285714,
    "recall": 0.631578947368421,
    "f1-score": 0.6,
    "support": 19.0
  },
  "accuracy": 0.7027027027027027,
  "macro avg": {
    "precision": 0.7448412698412697,
    "recall": 0.714936360509116,
    "f1-score": 0.7058523034993623,
    "support": 74.0
  },
  "weighted avg": {
    "precision": 0.7598938223938223,
    "recall": 0.7027027027027027,
    "f1-score": 0.7087438965022431,
    "support": 74.0
  }
}