{
  "mean_entropy": 0.7905731630492704,
  "mean_entropy_known": 0.7905731630492704,
  "mean_entropy_outlier": NaN,
  "mean_max_prob_known": 0.6850397389482807,
  "mean_max_prob_outlier": NaN
}