{
  "wall_time_sec": 29.38971495628357,
  "time_to_best_sec": 26.906993865966797,
  "best_epoch": 60,
  "transfer_mode": true,
  "num_target_samples": 155,
  "best_target_balanced_accuracy": 0.7502304781561747,
  "best_target_common_accuracy": 0.7432432432432432
}