{
  "0": {
    "precision": 0.2222222222222222,
    "recall": 0.2222222222222222,
    "f1-score": 0.2222222222222222,
    "support": 9.0
  },
  "1": {
    "precision": 0.6666666666666666,
    "recall": 0.4,
    "f1-score": 0.5,
    "support": 10.0
  },
  "2": {
    "precision": 0.6666666666666666,
    "recall": 0.8421052631578947,
    "f1-score": 0.744186046511628,
    "support": 19.0
  },
  "3": {
    "precision": 0.4642857142857143,
    "recall": 0.7647058823529411,
    "f1-score": 0.5777777777777777,
    "support": 17.0
  },
  "4": {
    "precision": 0.8571428571428571,
    "recall": 0.3157894736842105,
    "f1-score": 0.46153846153846156,
    "support": 19.0
  },
  "accuracy": 0.5540540540540541,
  "macro avg": {
    "precision": 0.5753968253968254,
    "recall": 0.5089645682834537,
    "f1-score": 0.501144901610018,
    "support": 74.0
  },
  "weighted avg": {
    "precision": 0.61502574002574,
    "recall": 0.5540540540540541,
    "f1-score": 0.5369052415564044,
    "support": 74.0
  }
}