{
  "mean_entropy": 1.4837287970491357,
  "mean_entropy_known": 1.4837287970491357,
  "mean_entropy_outlier": NaN,
  "mean_max_prob_known": 0.3637964979216859,
  "mean_max_prob_outlier": NaN
}