split,index,label,pred,max_prob,entropy,is_outlier
target_val,0,0,0,0.35261183977127075,1.669337272644043,False
target_val,1,0,0,0.38526785373687744,1.9744007587432861,False
target_val,2,0,0,0.4683798551559448,1.8010683059692383,False
target_val,3,0,0,0.8255595564842224,0.7663083076477051,False
