{
  "mean_entropy": 1.5527786612510681,
  "mean_entropy_known": 1.5527786612510681,
  "mean_entropy_outlier": NaN,
  "mean_max_prob_known": 0.5079547762870789,
  "mean_max_prob_outlier": NaN
}