{
  "0": {
    "precision": 0.0,
    "recall": 0.0,
    "f1-score": 0.0,
    "support": 0.0
  },
  "1": {
    "precision": 1.0,
    "recall": 1.0,
    "f1-score": 1.0,
    "support": 24.0
  },
  "2": {
    "precision": 1.0,
    "recall": 0.9565217391304348,
    "f1-score": 0.9777777777777777,
    "support": 23.0
  },
  "3": {
    "precision": 1.0,
    "recall": 1.0,
    "f1-score": 1.0,
    "support": 24.0
  },
  "4": {
    "precision": 1.0,
    "recall": 1.0,
    "f1-score": 1.0,
    "support": 24.0
  },
  "5": {
    "precision": 0.0,
    "recall": 0.0,
    "f1-score": 0.0,
    "support": 0.0
  },
  "6": {
    "precision": 1.0,
    "recall": 1.0,
    "f1-score": 1.0,
    "support": 24.0
  },
  "7": {
    "precision": 0.96,
    "recall": 1.0,
    "f1-score": 0.9795918367346939,
    "support": 24.0
  },
  "8": {
    "precision": 1.0,
    "recall": 1.0,
    "f1-score": 1.0,
    "support": 24.0
  },
  "micro avg": {
    "precision": 0.9940119760479041,
    "recall": 0.9940119760479041,
    "f1-score": 0.9940119760479041,
    "support": 167.0
  },
  "macro avg": {
    "precision": 0.7733333333333333,
    "recall": 0.7729468599033816,
    "f1-score": 0.7730410682791635,
    "support": 167.0
  },
  "weighted avg": {
    "precision": 0.994251497005988,
    "recall": 0.9940119760479041,
    "f1-score": 0.9940065447336619,
    "support": 167.0
  }
}