{
  "0": {
    "precision": 0.5,
    "recall": 0.2,
    "f1-score": 0.28571428571428575,
    "support": 5.0
  },
  "1": {
    "precision": 0.8,
    "recall": 0.8,
    "f1-score": 0.8000000000000002,
    "support": 5.0
  },
  "2": {
    "precision": 0.0,
    "recall": 0.0,
    "f1-score": 0.0,
    "support": 1.0
  },
  "3": {
    "precision": 0.0,
    "recall": 0.0,
    "f1-score": 0.0,
    "support": 0.0
  },
  "4": {
    "precision": 0.0,
    "recall": 0.0,
    "f1-score": 0.0,
    "support": 1.0
  },
  "micro avg": {
    "precision": 0.4166666666666667,
    "recall": 0.4166666666666667,
    "f1-score": 0.4166666666666667,
    "support": 12.0
  },
  "macro avg": {
    "precision": 0.26,
    "recall": 0.2,
    "f1-score": 0.21714285714285717,
    "support": 12.0
  },
  "weighted avg": {
    "precision": 0.5416666666666666,
    "recall": 0.4166666666666667,
    "f1-score": 0.4523809523809525,
    "support": 12.0
  }
}