{
  "0": {
    "precision": 0.7,
    "recall": 0.7777777777777778,
    "f1-score": 0.7368421052631577,
    "support": 9.0
  },
  "1": {
    "precision": 0.5714285714285714,
    "recall": 0.8,
    "f1-score": 0.6666666666666666,
    "support": 10.0
  },
  "2": {
    "precision": 0.8333333333333334,
    "recall": 0.7894736842105263,
    "f1-score": 0.8108108108108109,
    "support": 19.0
  },
  "3": {
    "precision": 0.6,
    "recall": 0.5294117647058824,
    "f1-score": 0.5625,
    "support": 17.0
  },
  "4": {
    "precision": 0.7647058823529411,
    "recall": 0.6842105263157895,
    "f1-score": 0.7222222222222222,
    "support": 19.0
  },
  "accuracy": 0.7027027027027027,
  "macro avg": {
    "precision": 0.6938935574229692,
    "recall": 0.7161747506019951,
    "f1-score": 0.6998083609925716,
    "support": 74.0
  },
  "weighted avg": {
    "precision": 0.7105004163827694,
    "recall": 0.7027027027027027,
    "f1-score": 0.7025455843467935,
    "support": 74.0
  }
}