{
  "mean_entropy": 0.4265649130005234,
  "mean_entropy_known": 0.1522986789738449,
  "mean_entropy_outlier": 0.700831147027202,
  "mean_max_prob_known": 0.9631337759395441,
  "mean_max_prob_outlier": 0.8133393165965875
}