{
  "0": {
    "precision": 0.6,
    "recall": 0.6,
    "f1-score": 0.6,
    "support": 5.0
  },
  "1": {
    "precision": 0.0,
    "recall": 0.0,
    "f1-score": 0.0,
    "support": 5.0
  },
  "2": {
    "precision": 0.0,
    "recall": 0.0,
    "f1-score": 0.0,
    "support": 1.0
  },
  "3": {
    "precision": 0.0,
    "recall": 0.0,
    "f1-score": 0.0,
    "support": 0.0
  },
  "4": {
    "precision": 0.16666666666666666,
    "recall": 1.0,
    "f1-score": 0.2857142857142857,
    "support": 1.0
  },
  "micro avg": {
    "precision": 0.3333333333333333,
    "recall": 0.3333333333333333,
    "f1-score": 0.3333333333333333,
    "support": 12.0
  },
  "macro avg": {
    "precision": 0.15333333333333332,
    "recall": 0.32,
    "f1-score": 0.17714285714285713,
    "support": 12.0
  },
  "weighted avg": {
    "precision": 0.2638888888888889,
    "recall": 0.3333333333333333,
    "f1-score": 0.2738095238095238,
    "support": 12.0
  }
}