{
  "mean_entropy": 1.7954778969287872,
  "mean_entropy_known": 1.7954778969287872,
  "mean_entropy_outlier": NaN,
  "mean_max_prob_known": 0.40547746419906616,
  "mean_max_prob_outlier": NaN
}