split,index,label,pred,max_prob,entropy,is_outlier
target_val,0,0,0,0.328316867351532,1.977303385734558,False
target_val,1,0,0,0.28916236758232117,1.88157320022583,False
target_val,2,0,0,0.41765889525413513,1.8472583293914795,False
target_val,3,0,0,0.5867717266082764,1.4757766723632812,False
