{
  "0": {
    "precision": 0.36363636363636365,
    "recall": 1.0,
    "f1-score": 0.5333333333333333,
    "support": 8.0
  },
  "1": {
    "precision": 0.4,
    "recall": 0.8,
    "f1-score": 0.5333333333333333,
    "support": 10.0
  },
  "2": {
    "precision": 1.0,
    "recall": 0.25,
    "f1-score": 0.4,
    "support": 16.0
  },
  "3": {
    "precision": 0.875,
    "recall": 0.5,
    "f1-score": 0.6363636363636364,
    "support": 14.0
  },
  "4": {
    "precision": 0.6,
    "recall": 0.375,
    "f1-score": 0.4615384615384615,
    "support": 16.0
  },
  "accuracy": 0.515625,
  "macro avg": {
    "precision": 0.6477272727272727,
    "recall": 0.585,
    "f1-score": 0.512913752913753,
    "support": 64.0
  },
  "weighted avg": {
    "precision": 0.6993607954545454,
    "recall": 0.515625,
    "f1-score": 0.5045891608391608,
    "support": 64.0
  }
}