{
  "mean_entropy": 2.2119362354278564,
  "mean_entropy_known": 2.2119362354278564,
  "mean_entropy_outlier": NaN,
  "mean_max_prob_known": 0.15432529151439667,
  "mean_max_prob_outlier": NaN
}