{
  "mean_entropy": 1.2131390074888866,
  "mean_entropy_known": 1.2131390074888866,
  "mean_entropy_outlier": NaN,
  "mean_max_prob_known": 0.46082058052221936,
  "mean_max_prob_outlier": NaN
}