{
  "0": {
    "precision": 0.0,
    "recall": 0.0,
    "f1-score": 0.0,
    "support": 8.0
  },
  "1": {
    "precision": 0.16326530612244897,
    "recall": 0.8,
    "f1-score": 0.27118644067796605,
    "support": 10.0
  },
  "2": {
    "precision": 0.0,
    "recall": 0.0,
    "f1-score": 0.0,
    "support": 16.0
  },
  "3": {
    "precision": 0.4,
    "recall": 0.42857142857142855,
    "f1-score": 0.4137931034482759,
    "support": 14.0
  },
  "4": {
    "precision": 0.0,
    "recall": 0.0,
    "f1-score": 0.0,
    "support": 16.0
  },
  "accuracy": 0.21875,
  "macro avg": {
    "precision": 0.11265306122448979,
    "recall": 0.24571428571428572,
    "f1-score": 0.1369959088252484,
    "support": 64.0
  },
  "weighted avg": {
    "precision": 0.11301020408163266,
    "recall": 0.21875,
    "f1-score": 0.13289012273524256,
    "support": 64.0
  }
}