{
  "mean_entropy": 1.5681737263997395,
  "mean_entropy_known": 1.5681737263997395,
  "mean_entropy_outlier": NaN,
  "mean_max_prob_known": 0.30280298988024396,
  "mean_max_prob_outlier": NaN
}