split,index,label,pred,max_prob,entropy,is_outlier
target_val,0,3,3,0.30234843492507935,1.5684466361999512,False
target_val,1,3,3,0.30316808819770813,1.567945957183838,False
target_val,2,3,3,0.30289244651794434,1.5681285858154297,False
