{
  "mean_entropy": 0.5240362050326279,
  "mean_entropy_known": 0.5240362050326279,
  "mean_entropy_outlier": NaN,
  "mean_max_prob_known": 0.8511856472805926,
  "mean_max_prob_outlier": NaN
}