{
  "mean_entropy": 1.597830355167389,
  "mean_entropy_known": 1.597830355167389,
  "mean_entropy_outlier": NaN,
  "mean_max_prob_known": 0.24866695702075958,
  "mean_max_prob_outlier": NaN
}