split,index,label,pred,max_prob,entropy,is_outlier
target_val,0,0,3,0.24966274201869965,1.5975781679153442,False
target_val,1,0,3,0.2503490746021271,1.5971680879592896,False
target_val,2,0,3,0.25152912735939026,1.5968503952026367,False
target_val,3,0,3,0.24312688410282135,1.5997247695922852,False
