{
  "0": {
    "precision": 0.0,
    "recall": 0.0,
    "f1-score": 0.0,
    "support": 0.0
  },
  "1": {
    "precision": 0.75,
    "recall": 1.0,
    "f1-score": 0.8571428571428571,
    "support": 24.0
  },
  "2": {
    "precision": 1.0,
    "recall": 1.0,
    "f1-score": 1.0,
    "support": 23.0
  },
  "3": {
    "precision": 1.0,
    "recall": 0.9166666666666666,
    "f1-score": 0.9565217391304348,
    "support": 24.0
  },
  "4": {
    "precision": 1.0,
    "recall": 0.4583333333333333,
    "f1-score": 0.6285714285714286,
    "support": 24.0
  },
  "5": {
    "precision": 0.0,
    "recall": 0.0,
    "f1-score": 0.0,
    "support": 0.0
  },
  "6": {
    "precision": 0.8275862068965517,
    "recall": 1.0,
    "f1-score": 0.9056603773584906,
    "support": 24.0
  },
  "7": {
    "precision": 1.0,
    "recall": 1.0,
    "f1-score": 1.0,
    "support": 23.0
  },
  "8": {
    "precision": 0.9230769230769231,
    "recall": 1.0,
    "f1-score": 0.9600000000000001,
    "support": 24.0
  },
  "micro avg": {
    "precision": 0.9096385542168675,
    "recall": 0.9096385542168675,
    "f1-score": 0.9096385542168675,
    "support": 166.0
  },
  "macro avg": {
    "precision": 0.7222959033303861,
    "recall": 0.7083333333333334,
    "f1-score": 0.7008773780225791,
    "support": 166.0
  },
  "weighted avg": {
    "precision": 0.9278067175865266,
    "recall": 0.9096385542168675,
    "f1-score": 0.8999368292341993,
    "support": 166.0
  }
}