{
  "wall_time_sec": 61.10178303718567,
  "time_to_best_sec": 57.45444130897522,
  "best_epoch": 46,
  "transfer_mode": false,
  "num_target_samples": 0,
  "best_target_balanced_accuracy": 0.934265010351967,
  "best_target_common_accuracy": 0.9337349397590361
}