{
  "mean_entropy": 1.576089213291804,
  "mean_entropy_known": 1.576089213291804,
  "mean_entropy_outlier": NaN,
  "mean_max_prob_known": 0.28592895219723385,
  "mean_max_prob_outlier": NaN
}