{
  "mean_entropy": 0.8831873312592506,
  "mean_entropy_known": 0.8831873312592506,
  "mean_entropy_outlier": NaN,
  "mean_max_prob_known": 0.6777219474315643,
  "mean_max_prob_outlier": NaN
}