split,index,label,pred,max_prob,entropy,is_outlier
target_val,0,0,0,0.44019150733947754,1.1692886352539062,False
target_val,1,0,0,0.6782403588294983,1.0304508209228516,False
target_val,2,0,0,0.6194681525230408,1.192628026008606,False
target_val,3,0,0,0.9729877710342407,0.1403818428516388,False
