{
  "0": {
    "precision": 1.0,
    "recall": 1.0,
    "f1-score": 1.0,
    "support": 48.0
  },
  "1": {
    "precision": 0.0,
    "recall": 0.0,
    "f1-score": 0.0,
    "support": 23.0
  },
  "2": {
    "precision": 0.5,
    "recall": 1.0,
    "f1-score": 0.6666666666666666,
    "support": 24.0
  },
  "3": {
    "precision": 1.0,
    "recall": 1.0,
    "f1-score": 1.0,
    "support": 24.0
  },
  "4": {
    "precision": 0.6388888888888888,
    "recall": 1.0,
    "f1-score": 0.7796610169491525,
    "support": 23.0
  },
  "5": {
    "precision": 1.0,
    "recall": 0.5416666666666666,
    "f1-score": 0.7027027027027027,
    "support": 24.0
  },
  "6": {
    "precision": 0.8275862068965517,
    "recall": 1.0,
    "f1-score": 0.9056603773584906,
    "support": 24.0
  },
  "7": {
    "precision": 0.0,
    "recall": 0.0,
    "f1-score": 0.0,
    "support": 24.0
  },
  "8": {
    "precision": 0.0,
    "recall": 0.0,
    "f1-score": 0.0,
    "support": 0.0
  },
  "micro avg": {
    "precision": 0.7289719626168224,
    "recall": 0.7289719626168224,
    "f1-score": 0.7289719626168223,
    "support": 214.0
  },
  "macro avg": {
    "precision": 0.5518305661983823,
    "recall": 0.6157407407407407,
    "f1-score": 0.5616323070752236,
    "support": 214.0
  },
  "weighted avg": {
    "precision": 0.6661519318222507,
    "recall": 0.7289719626168224,
    "f1-score": 0.6753874640714913,
    "support": 214.0
  }
}