{
  "0": {
    "precision": 0.36363636363636365,
    "recall": 0.8888888888888888,
    "f1-score": 0.5161290322580644,
    "support": 9.0
  },
  "1": {
    "precision": 0.7272727272727273,
    "recall": 0.8,
    "f1-score": 0.761904761904762,
    "support": 10.0
  },
  "2": {
    "precision": 0.9375,
    "recall": 0.7894736842105263,
    "f1-score": 0.8571428571428572,
    "support": 19.0
  },
  "3": {
    "precision": 0.75,
    "recall": 0.5294117647058824,
    "f1-score": 0.6206896551724139,
    "support": 17.0
  },
  "4": {
    "precision": 0.8461538461538461,
    "recall": 0.5789473684210527,
    "f1-score": 0.6875,
    "support": 19.0
  },
  "accuracy": 0.6891891891891891,
  "macro avg": {
    "precision": 0.7249125874125875,
    "recall": 0.71734434124527,
    "f1-score": 0.6886732612956195,
    "support": 74.0
  },
  "weighted avg": {
    "precision": 0.7727686165186166,
    "recall": 0.6891891891891891,
    "f1-score": 0.7049209099056153,
    "support": 74.0
  }
}