{
  "mean_entropy": 1.5150441688460272,
  "mean_entropy_known": 1.5150441688460272,
  "mean_entropy_outlier": NaN,
  "mean_max_prob_known": 0.337851541267859,
  "mean_max_prob_outlier": NaN
}