{
  "wall_time_sec": 3.126983165740967,
  "time_to_best_sec": 1.7292463779449463,
  "best_epoch": 45,
  "transfer_mode": true,
  "num_target_samples": 155,
  "best_target_balanced_accuracy": 0.7125696594427244,
  "best_target_common_accuracy": 0.6891891891891891
}