{
  "wall_time_sec": 62.303346157073975,
  "time_to_best_sec": 58.630603075027466,
  "best_epoch": 46,
  "transfer_mode": false,
  "num_target_samples": 0,
  "best_target_balanced_accuracy": 0.934265010351967,
  "best_target_common_accuracy": 0.9337349397590361
}