{
  "0": {
    "precision": 0.09090909090909091,
    "recall": 0.125,
    "f1-score": 0.10526315789473685,
    "support": 8.0
  },
  "1": {
    "precision": 0.16666666666666666,
    "recall": 0.2,
    "f1-score": 0.1818181818181818,
    "support": 10.0
  },
  "2": {
    "precision": 0.0,
    "recall": 0.0,
    "f1-score": 0.0,
    "support": 16.0
  },
  "3": {
    "precision": 0.2857142857142857,
    "recall": 0.14285714285714285,
    "f1-score": 0.19047619047619047,
    "support": 14.0
  },
  "4": {
    "precision": 0.24242424242424243,
    "recall": 0.5,
    "f1-score": 0.326530612244898,
    "support": 16.0
  },
  "accuracy": 0.203125,
  "macro avg": {
    "precision": 0.15714285714285714,
    "recall": 0.19357142857142856,
    "f1-score": 0.16081762848680142,
    "support": 64.0
  },
  "weighted avg": {
    "precision": 0.16051136363636365,
    "recall": 0.203125,
    "f1-score": 0.16486630537382418,
    "support": 64.0
  }
}