{
  "0": {
    "precision": 1.0,
    "recall": 0.6,
    "f1-score": 0.7499999999999999,
    "support": 5.0
  },
  "1": {
    "precision": 0.0,
    "recall": 0.0,
    "f1-score": 0.0,
    "support": 5.0
  },
  "2": {
    "precision": 0.0,
    "recall": 0.0,
    "f1-score": 0.0,
    "support": 1.0
  },
  "3": {
    "precision": 0.0,
    "recall": 0.0,
    "f1-score": 0.0,
    "support": 0.0
  },
  "4": {
    "precision": 0.125,
    "recall": 1.0,
    "f1-score": 0.2222222222222222,
    "support": 1.0
  },
  "accuracy": 0.3333333333333333,
  "macro avg": {
    "precision": 0.225,
    "recall": 0.32,
    "f1-score": 0.19444444444444442,
    "support": 12.0
  },
  "weighted avg": {
    "precision": 0.4270833333333333,
    "recall": 0.3333333333333333,
    "f1-score": 0.3310185185185185,
    "support": 12.0
  }
}