{
  "mean_entropy": 1.8458601236343384,
  "mean_entropy_known": 1.8458601236343384,
  "mean_entropy_outlier": NaN,
  "mean_max_prob_known": 0.23153623938560486,
  "mean_max_prob_outlier": NaN
}