{
  "0": {
    "precision": 0.0,
    "recall": 0.0,
    "f1-score": 0.0,
    "support": 8.0
  },
  "1": {
    "precision": 0.0,
    "recall": 0.0,
    "f1-score": 0.0,
    "support": 10.0
  },
  "2": {
    "precision": 0.0,
    "recall": 0.0,
    "f1-score": 0.0,
    "support": 16.0
  },
  "3": {
    "precision": 0.11538461538461539,
    "recall": 0.21428571428571427,
    "f1-score": 0.15,
    "support": 14.0
  },
  "4": {
    "precision": 0.22727272727272727,
    "recall": 0.3125,
    "f1-score": 0.2631578947368421,
    "support": 16.0
  },
  "accuracy": 0.125,
  "macro avg": {
    "precision": 0.06853146853146853,
    "recall": 0.10535714285714286,
    "f1-score": 0.08263157894736842,
    "support": 64.0
  },
  "weighted avg": {
    "precision": 0.08205856643356643,
    "recall": 0.125,
    "f1-score": 0.09860197368421053,
    "support": 64.0
  }
}