{
  "0": {
    "precision": 0.9595959595959596,
    "recall": 1.0,
    "f1-score": 0.979381443298969,
    "support": 95.0
  },
  "1": {
    "precision": 0.0,
    "recall": 0.0,
    "f1-score": 0.0,
    "support": 24.0
  },
  "2": {
    "precision": 1.0,
    "recall": 0.5833333333333334,
    "f1-score": 0.7368421052631579,
    "support": 24.0
  },
  "3": {
    "precision": 0.8,
    "recall": 1.0,
    "f1-score": 0.888888888888889,
    "support": 24.0
  },
  "4": {
    "precision": 0.5,
    "recall": 1.0,
    "f1-score": 0.6666666666666666,
    "support": 24.0
  },
  "5": {
    "precision": 0.0,
    "recall": 0.0,
    "f1-score": 0.0,
    "support": 0.0
  },
  "6": {
    "precision": 0.0,
    "recall": 0.0,
    "f1-score": 0.0,
    "support": 0.0
  },
  "7": {
    "precision": 0.0,
    "recall": 0.0,
    "f1-score": 0.0,
    "support": 0.0
  },
  "8": {
    "precision": 0.0,
    "recall": 0.0,
    "f1-score": 0.0,
    "support": 0.0
  },
  "micro avg": {
    "precision": 0.8219895287958116,
    "recall": 0.8219895287958116,
    "f1-score": 0.8219895287958116,
    "support": 191.0
  },
  "macro avg": {
    "precision": 0.3621773288439955,
    "recall": 0.39814814814814814,
    "f1-score": 0.3635310115686314,
    "support": 191.0
  },
  "weighted avg": {
    "precision": 0.7662911840922312,
    "recall": 0.8219895287958116,
    "f1-score": 0.7751768637332522,
    "support": 191.0
  }
}