{
  "wall_time_sec": 61.59467911720276,
  "time_to_best_sec": 57.93634295463562,
  "best_epoch": 46,
  "transfer_mode": false,
  "num_target_samples": 0,
  "best_target_balanced_accuracy": 0.934265010351967,
  "best_target_common_accuracy": 0.9337349397590361
}