{
  "0": {
    "precision": 1.0,
    "recall": 1.0,
    "f1-score": 1.0,
    "support": 95.0
  },
  "1": {
    "precision": 1.0,
    "recall": 0.875,
    "f1-score": 0.9333333333333333,
    "support": 24.0
  },
  "2": {
    "precision": 1.0,
    "recall": 0.4166666666666667,
    "f1-score": 0.5882352941176471,
    "support": 24.0
  },
  "3": {
    "precision": 1.0,
    "recall": 1.0,
    "f1-score": 1.0,
    "support": 24.0
  },
  "4": {
    "precision": 0.5853658536585366,
    "recall": 1.0,
    "f1-score": 0.7384615384615384,
    "support": 24.0
  },
  "5": {
    "precision": 0.0,
    "recall": 0.0,
    "f1-score": 0.0,
    "support": 0.0
  },
  "6": {
    "precision": 0.0,
    "recall": 0.0,
    "f1-score": 0.0,
    "support": 0.0
  },
  "7": {
    "precision": 0.0,
    "recall": 0.0,
    "f1-score": 0.0,
    "support": 0.0
  },
  "8": {
    "precision": 0.0,
    "recall": 0.0,
    "f1-score": 0.0,
    "support": 0.0
  },
  "micro avg": {
    "precision": 0.9109947643979057,
    "recall": 0.9109947643979057,
    "f1-score": 0.9109947643979057,
    "support": 191.0
  },
  "macro avg": {
    "precision": 0.5094850948509485,
    "recall": 0.47685185185185186,
    "f1-score": 0.473336685101391,
    "support": 191.0
  },
  "weighted avg": {
    "precision": 0.947899374281701,
    "recall": 0.9109947643979057,
    "f1-score": 0.9070194972874369,
    "support": 191.0
  }
}