{
  "0": {
    "precision": 0.8423645320197044,
    "recall": 1.0,
    "f1-score": 0.9144385026737968,
    "support": 171.0
  },
  "1": {
    "precision": 0.8715596330275229,
    "recall": 1.0,
    "f1-score": 0.9313725490196079,
    "support": 190.0
  },
  "2": {
    "precision": 0.9772727272727273,
    "recall": 0.8337950138504155,
    "f1-score": 0.8998505231689088,
    "support": 361.0
  },
  "3": {
    "precision": 0.9518072289156626,
    "recall": 0.978328173374613,
    "f1-score": 0.9648854961832061,
    "support": 323.0
  },
  "4": {
    "precision": 1.0,
    "recall": 0.9556786703601108,
    "f1-score": 0.9773371104815864,
    "support": 361.0
  },
  "accuracy": 0.9409672830725462,
  "macro avg": {
    "precision": 0.9286008242471233,
    "recall": 0.9535603715170279,
    "f1-score": 0.9375768363054213,
    "support": 1406.0
  },
  "weighted avg": {
    "precision": 0.9465646193000088,
    "recall": 0.9409672830725462,
    "f1-score": 0.9407201417396509,
    "support": 1406.0
  }
}