{
  "wall_time_sec": 523.4293630123138,
  "time_to_best_sec": 499.14932775497437,
  "best_epoch": 47,
  "transfer_mode": true,
  "num_target_samples": 758,
  "best_target_balanced_accuracy": 0.9580745341614907,
  "best_target_common_accuracy": 0.9578313253012049
}