{
  "0": {
    "precision": 1.0,
    "recall": 0.041666666666666664,
    "f1-score": 0.07999999999999999,
    "support": 24.0
  },
  "1": {
    "precision": 0.6764705882352942,
    "recall": 1.0,
    "f1-score": 0.8070175438596492,
    "support": 23.0
  },
  "2": {
    "precision": 0.42,
    "recall": 0.875,
    "f1-score": 0.5675675675675675,
    "support": 24.0
  },
  "3": {
    "precision": 0.7222222222222222,
    "recall": 0.5416666666666666,
    "f1-score": 0.619047619047619,
    "support": 24.0
  },
  "4": {
    "precision": 0.7419354838709677,
    "recall": 0.9583333333333334,
    "f1-score": 0.8363636363636364,
    "support": 24.0
  },
  "5": {
    "precision": 1.0,
    "recall": 0.21739130434782608,
    "f1-score": 0.3571428571428571,
    "support": 23.0
  },
  "6": {
    "precision": 0.8888888888888888,
    "recall": 1.0,
    "f1-score": 0.9411764705882353,
    "support": 24.0
  },
  "7": {
    "precision": 0.0,
    "recall": 0.0,
    "f1-score": 0.0,
    "support": 0.0
  },
  "8": {
    "precision": 0.0,
    "recall": 0.0,
    "f1-score": 0.0,
    "support": 0.0
  },
  "micro avg": {
    "precision": 0.6626506024096386,
    "recall": 0.6626506024096386,
    "f1-score": 0.6626506024096386,
    "support": 166.0
  },
  "macro avg": {
    "precision": 0.6055019092463748,
    "recall": 0.5148953301127214,
    "f1-score": 0.4675906327299517,
    "support": 166.0
  },
  "weighted avg": {
    "precision": 0.7777827819818173,
    "recall": 0.6626506024096386,
    "f1-score": 0.601418170293175,
    "support": 166.0
  }
}