{
  "0": {
    "precision": 0.8571428571428571,
    "recall": 0.6666666666666666,
    "f1-score": 0.75,
    "support": 9.0
  },
  "1": {
    "precision": 0.30434782608695654,
    "recall": 0.7,
    "f1-score": 0.42424242424242425,
    "support": 10.0
  },
  "2": {
    "precision": 0.8125,
    "recall": 0.6842105263157895,
    "f1-score": 0.742857142857143,
    "support": 19.0
  },
  "3": {
    "precision": 0.8,
    "recall": 0.47058823529411764,
    "f1-score": 0.5925925925925927,
    "support": 17.0
  },
  "4": {
    "precision": 0.5555555555555556,
    "recall": 0.5263157894736842,
    "f1-score": 0.5405405405405405,
    "support": 19.0
  },
  "accuracy": 0.5945945945945946,
  "macro avg": {
    "precision": 0.6659092477570738,
    "recall": 0.6095562435500516,
    "f1-score": 0.61004654004654,
    "support": 74.0
  },
  "weighted avg": {
    "precision": 0.680416480144741,
    "recall": 0.5945945945945946,
    "f1-score": 0.6142034365007338,
    "support": 74.0
  }
}