{
  "mean_entropy": 1.241690150487262,
  "mean_entropy_known": 1.241690150487262,
  "mean_entropy_outlier": NaN,
  "mean_max_prob_known": 0.49016302743473567,
  "mean_max_prob_outlier": NaN
}