{
  "0": {
    "precision": 0.3333333333333333,
    "recall": 1.0,
    "f1-score": 0.5,
    "support": 8.0
  },
  "1": {
    "precision": 0.5,
    "recall": 0.7,
    "f1-score": 0.5833333333333334,
    "support": 10.0
  },
  "2": {
    "precision": 0.9090909090909091,
    "recall": 0.625,
    "f1-score": 0.7407407407407406,
    "support": 16.0
  },
  "3": {
    "precision": 0.7777777777777778,
    "recall": 0.5,
    "f1-score": 0.6086956521739131,
    "support": 14.0
  },
  "4": {
    "precision": 1.0,
    "recall": 0.375,
    "f1-score": 0.5454545454545454,
    "support": 16.0
  },
  "accuracy": 0.59375,
  "macro avg": {
    "precision": 0.704040404040404,
    "recall": 0.64,
    "f1-score": 0.5956448543405065,
    "support": 64.0
  },
  "weighted avg": {
    "precision": 0.7672032828282829,
    "recall": 0.59375,
    "f1-score": 0.6083468287951983,
    "support": 64.0
  }
}