split,index,label,pred,max_prob,entropy,is_outlier
target_val,0,3,1,0.7151792049407959,0.9342646598815918,False
target_val,1,3,1,0.7306886911392212,0.9026916027069092,False
target_val,2,3,1,0.7330304384231567,0.8983434438705444,False
