{
  "mean_entropy": 0.9117665688196818,
  "mean_entropy_known": 0.9117665688196818,
  "mean_entropy_outlier": NaN,
  "mean_max_prob_known": 0.7262994448343912,
  "mean_max_prob_outlier": NaN
}