{
  "0": {
    "precision": 1.0,
    "recall": 0.3333333333333333,
    "f1-score": 0.5,
    "support": 9.0
  },
  "1": {
    "precision": 0.6,
    "recall": 0.9,
    "f1-score": 0.7200000000000001,
    "support": 10.0
  },
  "2": {
    "precision": 0.75,
    "recall": 0.631578947368421,
    "f1-score": 0.6857142857142857,
    "support": 19.0
  },
  "3": {
    "precision": 0.6,
    "recall": 0.7058823529411765,
    "f1-score": 0.6486486486486486,
    "support": 17.0
  },
  "4": {
    "precision": 0.6,
    "recall": 0.631578947368421,
    "f1-score": 0.6153846153846154,
    "support": 19.0
  },
  "accuracy": 0.6486486486486487,
  "macro avg": {
    "precision": 0.7100000000000001,
    "recall": 0.6404747162022704,
    "f1-score": 0.6339495099495099,
    "support": 74.0
  },
  "weighted avg": {
    "precision": 0.6871621621621622,
    "recall": 0.6486486486486487,
    "f1-score": 0.6411879209176506,
    "support": 74.0
  }
}