{
  "mean_entropy": 1.025924054352013,
  "mean_entropy_known": 1.025924054352013,
  "mean_entropy_outlier": NaN,
  "mean_max_prob_known": 0.5623641255739573,
  "mean_max_prob_outlier": NaN
}