{
  "0": {
    "precision": 0.8275862068965517,
    "recall": 1.0,
    "f1-score": 0.9056603773584906,
    "support": 24.0
  },
  "1": {
    "precision": 1.0,
    "recall": 1.0,
    "f1-score": 1.0,
    "support": 23.0
  },
  "2": {
    "precision": 1.0,
    "recall": 1.0,
    "f1-score": 1.0,
    "support": 24.0
  },
  "3": {
    "precision": 1.0,
    "recall": 0.7916666666666666,
    "f1-score": 0.8837209302325582,
    "support": 24.0
  },
  "4": {
    "precision": 1.0,
    "recall": 1.0,
    "f1-score": 1.0,
    "support": 24.0
  },
  "5": {
    "precision": 1.0,
    "recall": 1.0,
    "f1-score": 1.0,
    "support": 23.0
  },
  "6": {
    "precision": 1.0,
    "recall": 1.0,
    "f1-score": 1.0,
    "support": 24.0
  },
  "7": {
    "precision": 0.0,
    "recall": 0.0,
    "f1-score": 0.0,
    "support": 0.0
  },
  "8": {
    "precision": 0.0,
    "recall": 0.0,
    "f1-score": 0.0,
    "support": 0.0
  },
  "micro avg": {
    "precision": 0.9698795180722891,
    "recall": 0.9698795180722891,
    "f1-score": 0.9698795180722891,
    "support": 166.0
  },
  "macro avg": {
    "precision": 0.7586206896551724,
    "recall": 0.7546296296296295,
    "f1-score": 0.7543757008434498,
    "support": 166.0
  },
  "weighted avg": {
    "precision": 0.9750727046115496,
    "recall": 0.9698795180722891,
    "f1-score": 0.9695491047119589,
    "support": 166.0
  }
}