{
  "mean_entropy": 1.5761760870615642,
  "mean_entropy_known": 1.5761760870615642,
  "mean_entropy_outlier": NaN,
  "mean_max_prob_known": 0.2858076219757398,
  "mean_max_prob_outlier": NaN
}