{
  "0": {
    "precision": 0.0,
    "recall": 0.0,
    "f1-score": 0.0,
    "support": 48.0
  },
  "1": {
    "precision": 1.0,
    "recall": 1.0,
    "f1-score": 1.0,
    "support": 23.0
  },
  "2": {
    "precision": 0.6,
    "recall": 1.0,
    "f1-score": 0.7499999999999999,
    "support": 24.0
  },
  "3": {
    "precision": 0.8214285714285714,
    "recall": 0.9583333333333334,
    "f1-score": 0.8846153846153847,
    "support": 24.0
  },
  "4": {
    "precision": 0.29411764705882354,
    "recall": 0.8333333333333334,
    "f1-score": 0.4347826086956522,
    "support": 24.0
  },
  "5": {
    "precision": 0.0,
    "recall": 0.0,
    "f1-score": 0.0,
    "support": 23.0
  },
  "6": {
    "precision": 0.8888888888888888,
    "recall": 1.0,
    "f1-score": 0.9411764705882353,
    "support": 24.0
  },
  "7": {
    "precision": 0.11538461538461539,
    "recall": 0.125,
    "f1-score": 0.12000000000000001,
    "support": 24.0
  },
  "8": {
    "precision": 0.9230769230769231,
    "recall": 1.0,
    "f1-score": 0.9600000000000001,
    "support": 24.0
  },
  "accuracy": 0.592436974789916,
  "macro avg": {
    "precision": 0.5158774050930914,
    "recall": 0.6574074074074074,
    "f1-score": 0.5656193848776969,
    "support": 238.0
  },
  "weighted avg": {
    "precision": 0.46398957773154514,
    "recall": 0.592436974789916,
    "f1-score": 0.5091335593848005,
    "support": 238.0
  }
}