{
  "wall_time_sec": 519.6050412654877,
  "time_to_best_sec": 408.9880561828613,
  "best_epoch": 39,
  "transfer_mode": true,
  "num_target_samples": 758,
  "best_target_balanced_accuracy": 0.9642857142857143,
  "best_target_common_accuracy": 0.9640718562874252
}