{
  "0": {
    "precision": 0.875,
    "recall": 0.7777777777777778,
    "f1-score": 0.823529411764706,
    "support": 9.0
  },
  "1": {
    "precision": 0.625,
    "recall": 0.5,
    "f1-score": 0.5555555555555556,
    "support": 10.0
  },
  "2": {
    "precision": 0.9444444444444444,
    "recall": 0.8947368421052632,
    "f1-score": 0.918918918918919,
    "support": 19.0
  },
  "3": {
    "precision": 0.6190476190476191,
    "recall": 0.7647058823529411,
    "f1-score": 0.6842105263157895,
    "support": 17.0
  },
  "4": {
    "precision": 0.6842105263157895,
    "recall": 0.6842105263157895,
    "f1-score": 0.6842105263157895,
    "support": 19.0
  },
  "accuracy": 0.7432432432432432,
  "macro avg": {
    "precision": 0.7495405179615706,
    "recall": 0.7242862057103543,
    "f1-score": 0.7332849877741519,
    "support": 74.0
  },
  "weighted avg": {
    "precision": 0.7512601887601887,
    "recall": 0.7432432432432432,
    "f1-score": 0.7440318738954836,
    "support": 74.0
  }
}