{
  "mean_entropy": 0.6225267136375092,
  "mean_entropy_known": 0.6225267136375092,
  "mean_entropy_outlier": NaN,
  "mean_max_prob_known": 0.7724329849352708,
  "mean_max_prob_outlier": NaN
}