{
  "0": {
    "precision": 0.855,
    "recall": 1.0,
    "f1-score": 0.921832884097035,
    "support": 171.0
  },
  "1": {
    "precision": 0.8333333333333334,
    "recall": 1.0,
    "f1-score": 0.9090909090909091,
    "support": 190.0
  },
  "2": {
    "precision": 1.0,
    "recall": 0.814404432132964,
    "f1-score": 0.8977099236641222,
    "support": 361.0
  },
  "3": {
    "precision": 0.9907692307692307,
    "recall": 0.9969040247678018,
    "f1-score": 0.9938271604938271,
    "support": 323.0
  },
  "4": {
    "precision": 0.9972144846796658,
    "recall": 0.9916897506925207,
    "f1-score": 0.9944444444444445,
    "support": 361.0
  },
  "accuracy": 0.94950213371266,
  "macro avg": {
    "precision": 0.935263409756446,
    "recall": 0.9605996415186573,
    "f1-score": 0.9433810643580675,
    "support": 1406.0
  },
  "weighted avg": {
    "precision": 0.957006560342215,
    "recall": 0.94950213371266,
    "f1-score": 0.9490999968951385,
    "support": 1406.0
  }
}