{
  "mean_entropy": 0.19309827947377553,
  "mean_entropy_known": 0.19309827947377553,
  "mean_entropy_outlier": NaN,
  "mean_max_prob_known": 0.9346654788719472,
  "mean_max_prob_outlier": NaN
}