{
  "mean_entropy": 1.4676663080851238,
  "mean_entropy_known": 1.4676663080851238,
  "mean_entropy_outlier": NaN,
  "mean_max_prob_known": 0.37063703934351605,
  "mean_max_prob_outlier": NaN
}