split,index,label,pred,max_prob,entropy,is_outlier
target_val,0,3,3,0.37479594349861145,1.4405111074447632,False
target_val,1,3,3,0.37087327241897583,1.482552170753479,False
target_val,2,3,3,0.3662419021129608,1.479935646057129,False
