{
  "0": {
    "precision": 0.0,
    "recall": 0.0,
    "f1-score": 0.0,
    "support": 24.0
  },
  "1": {
    "precision": 0.5609756097560976,
    "recall": 1.0,
    "f1-score": 0.71875,
    "support": 23.0
  },
  "2": {
    "precision": 0.3142857142857143,
    "recall": 0.4583333333333333,
    "f1-score": 0.3728813559322034,
    "support": 24.0
  },
  "3": {
    "precision": 0.5714285714285714,
    "recall": 0.3333333333333333,
    "f1-score": 0.4210526315789474,
    "support": 24.0
  },
  "4": {
    "precision": 0.4444444444444444,
    "recall": 0.34782608695652173,
    "f1-score": 0.3902439024390244,
    "support": 23.0
  },
  "5": {
    "precision": 0.5294117647058824,
    "recall": 0.75,
    "f1-score": 0.6206896551724139,
    "support": 24.0
  },
  "6": {
    "precision": 0.0,
    "recall": 0.0,
    "f1-score": 0.0,
    "support": 0.0
  },
  "7": {
    "precision": 0.0,
    "recall": 0.0,
    "f1-score": 0.0,
    "support": 0.0
  },
  "8": {
    "precision": 0.0,
    "recall": 0.0,
    "f1-score": 0.0,
    "support": 0.0
  },
  "micro avg": {
    "precision": 0.4788732394366197,
    "recall": 0.4788732394366197,
    "f1-score": 0.4788732394366197,
    "support": 142.0
  },
  "macro avg": {
    "precision": 0.2689495671800789,
    "recall": 0.32105475040257647,
    "f1-score": 0.2804019494580655,
    "support": 142.0
  },
  "weighted avg": {
    "precision": 0.4020259609626514,
    "recall": 0.4788732394366197,
    "f1-score": 0.4187170928204445,
    "support": 142.0
  }
}