{
  "0": {
    "precision": 1.0,
    "recall": 0.4,
    "f1-score": 0.5714285714285715,
    "support": 5.0
  },
  "1": {
    "precision": 0.625,
    "recall": 1.0,
    "f1-score": 0.7692307692307693,
    "support": 5.0
  },
  "2": {
    "precision": 0.0,
    "recall": 0.0,
    "f1-score": 0.0,
    "support": 1.0
  },
  "3": {
    "precision": 0.0,
    "recall": 0.0,
    "f1-score": 0.0,
    "support": 0.0
  },
  "4": {
    "precision": 1.0,
    "recall": 1.0,
    "f1-score": 1.0,
    "support": 1.0
  },
  "accuracy": 0.6666666666666666,
  "macro avg": {
    "precision": 0.525,
    "recall": 0.48,
    "f1-score": 0.46813186813186813,
    "support": 12.0
  },
  "weighted avg": {
    "precision": 0.7604166666666666,
    "recall": 0.6666666666666666,
    "f1-score": 0.641941391941392,
    "support": 12.0
  }
}