{
  "0": {
    "precision": 0.0,
    "recall": 0.0,
    "f1-score": 0.0,
    "support": 8.0
  },
  "1": {
    "precision": 0.17647058823529413,
    "recall": 0.6,
    "f1-score": 0.2727272727272727,
    "support": 10.0
  },
  "2": {
    "precision": 0.0,
    "recall": 0.0,
    "f1-score": 0.0,
    "support": 16.0
  },
  "3": {
    "precision": 0.5454545454545454,
    "recall": 0.42857142857142855,
    "f1-score": 0.4799999999999999,
    "support": 14.0
  },
  "4": {
    "precision": 0.3333333333333333,
    "recall": 0.25,
    "f1-score": 0.28571428571428575,
    "support": 16.0
  },
  "accuracy": 0.25,
  "macro avg": {
    "precision": 0.21105169340463456,
    "recall": 0.25571428571428567,
    "f1-score": 0.2076883116883117,
    "support": 64.0
  },
  "weighted avg": {
    "precision": 0.23022504456327986,
    "recall": 0.25,
    "f1-score": 0.2190422077922078,
    "support": 64.0
  }
}