{
  "mean_entropy": 1.5699353516101837,
  "mean_entropy_known": 1.5699353516101837,
  "mean_entropy_outlier": NaN,
  "mean_max_prob_known": 0.2903296947479248,
  "mean_max_prob_outlier": NaN
}