{
  "wall_time_sec": 4.047597169876099,
  "time_to_best_sec": 0.23695611953735352,
  "best_epoch": 4,
  "transfer_mode": true,
  "num_target_samples": 41,
  "best_target_balanced_accuracy": 0.75,
  "best_target_common_accuracy": 0.5833333333333334
}