{
  "0": {
    "precision": 0.08333333333333333,
    "recall": 0.125,
    "f1-score": 0.1,
    "support": 8.0
  },
  "1": {
    "precision": 0.18181818181818182,
    "recall": 0.2,
    "f1-score": 0.1904761904761905,
    "support": 10.0
  },
  "2": {
    "precision": 0.0,
    "recall": 0.0,
    "f1-score": 0.0,
    "support": 16.0
  },
  "3": {
    "precision": 0.3333333333333333,
    "recall": 0.14285714285714285,
    "f1-score": 0.2,
    "support": 14.0
  },
  "4": {
    "precision": 0.23529411764705882,
    "recall": 0.5,
    "f1-score": 0.31999999999999995,
    "support": 16.0
  },
  "accuracy": 0.203125,
  "macro avg": {
    "precision": 0.16675579322638145,
    "recall": 0.19357142857142856,
    "f1-score": 0.1620952380952381,
    "support": 64.0
  },
  "weighted avg": {
    "precision": 0.17056595365418892,
    "recall": 0.203125,
    "f1-score": 0.16601190476190475,
    "support": 64.0
  }
}