{
  "0": {
    "precision": 0.0,
    "recall": 0.0,
    "f1-score": 0.0,
    "support": 5.0
  },
  "1": {
    "precision": 0.7142857142857143,
    "recall": 1.0,
    "f1-score": 0.8333333333333333,
    "support": 5.0
  },
  "2": {
    "precision": 1.0,
    "recall": 1.0,
    "f1-score": 1.0,
    "support": 1.0
  },
  "3": {
    "precision": 0.0,
    "recall": 0.0,
    "f1-score": 0.0,
    "support": 0.0
  },
  "4": {
    "precision": 0.25,
    "recall": 1.0,
    "f1-score": 0.4,
    "support": 1.0
  },
  "micro avg": {
    "precision": 0.5833333333333334,
    "recall": 0.5833333333333334,
    "f1-score": 0.5833333333333334,
    "support": 12.0
  },
  "macro avg": {
    "precision": 0.3928571428571429,
    "recall": 0.6,
    "f1-score": 0.44666666666666666,
    "support": 12.0
  },
  "weighted avg": {
    "precision": 0.40178571428571425,
    "recall": 0.5833333333333334,
    "f1-score": 0.46388888888888885,
    "support": 12.0
  }
}