{
  "mean_entropy": 0.09327031053111863,
  "mean_entropy_known": 0.09327031053111863,
  "mean_entropy_outlier": NaN,
  "mean_max_prob_known": 0.9711139753651653,
  "mean_max_prob_outlier": NaN
}