{
  "mean_entropy": 1.156942275793929,
  "mean_entropy_known": 1.156942275793929,
  "mean_entropy_outlier": NaN,
  "mean_max_prob_known": 0.5844703951948568,
  "mean_max_prob_outlier": NaN
}