{
  "mean_entropy": 2.017328828573227,
  "mean_entropy_known": 2.017328828573227,
  "mean_entropy_outlier": NaN,
  "mean_max_prob_known": 0.30076776072382927,
  "mean_max_prob_outlier": NaN
}