split,index,label,pred,max_prob,entropy,is_outlier
target_val,0,0,0,0.27425655722618103,1.925262451171875,False
target_val,1,0,0,0.306403785943985,2.097715377807617,False
target_val,2,0,0,0.2459190934896469,2.1877365112304688,False
target_val,3,0,0,0.37649160623550415,1.8586009740829468,False
