{
  "0": {
    "precision": 0.75,
    "recall": 0.6666666666666666,
    "f1-score": 0.7058823529411765,
    "support": 9.0
  },
  "1": {
    "precision": 0.34615384615384615,
    "recall": 0.9,
    "f1-score": 0.5,
    "support": 10.0
  },
  "2": {
    "precision": 1.0,
    "recall": 0.42105263157894735,
    "f1-score": 0.5925925925925926,
    "support": 19.0
  },
  "3": {
    "precision": 0.5454545454545454,
    "recall": 0.7058823529411765,
    "f1-score": 0.6153846153846153,
    "support": 17.0
  },
  "4": {
    "precision": 0.7,
    "recall": 0.3684210526315789,
    "f1-score": 0.48275862068965514,
    "support": 19.0
  },
  "accuracy": 0.5675675675675675,
  "macro avg": {
    "precision": 0.6683216783216783,
    "recall": 0.6124045407636738,
    "f1-score": 0.579323636321608,
    "support": 74.0
  },
  "weighted avg": {
    "precision": 0.6997873747873747,
    "recall": 0.5675675675675675,
    "f1-score": 0.5708939552752941,
    "support": 74.0
  }
}