{
  "mean_entropy": 0.9244921347881491,
  "mean_entropy_known": 0.9244921347881491,
  "mean_entropy_outlier": NaN,
  "mean_max_prob_known": 0.6064858021768363,
  "mean_max_prob_outlier": NaN
}