{
  "0": {
    "precision": 0.34615384615384615,
    "recall": 1.0,
    "f1-score": 0.5142857142857142,
    "support": 9.0
  },
  "1": {
    "precision": 0.5,
    "recall": 0.8,
    "f1-score": 0.6153846153846154,
    "support": 10.0
  },
  "2": {
    "precision": 0.7,
    "recall": 0.7368421052631579,
    "f1-score": 0.717948717948718,
    "support": 19.0
  },
  "3": {
    "precision": 0.8888888888888888,
    "recall": 0.47058823529411764,
    "f1-score": 0.6153846153846153,
    "support": 17.0
  },
  "4": {
    "precision": 0.6666666666666666,
    "recall": 0.10526315789473684,
    "f1-score": 0.18181818181818182,
    "support": 19.0
  },
  "accuracy": 0.5540540540540541,
  "macro avg": {
    "precision": 0.6203418803418803,
    "recall": 0.6225386996904024,
    "f1-score": 0.5289643689643689,
    "support": 74.0
  },
  "weighted avg": {
    "precision": 0.6647724647724648,
    "recall": 0.5540540540540541,
    "f1-score": 0.518101718101718,
    "support": 74.0
  }
}