{
  "mean_entropy": 1.560999725316022,
  "mean_entropy_known": 1.560999725316022,
  "mean_entropy_outlier": NaN,
  "mean_max_prob_known": 0.29319295991916916,
  "mean_max_prob_outlier": NaN
}