{
  "0": {
    "precision": 0.7777777777777778,
    "recall": 0.875,
    "f1-score": 0.823529411764706,
    "support": 24.0
  },
  "1": {
    "precision": 0.7586206896551724,
    "recall": 0.9565217391304348,
    "f1-score": 0.8461538461538461,
    "support": 23.0
  },
  "2": {
    "precision": 0.0,
    "recall": 0.0,
    "f1-score": 0.0,
    "support": 24.0
  },
  "3": {
    "precision": 1.0,
    "recall": 0.08333333333333333,
    "f1-score": 0.15384615384615385,
    "support": 24.0
  },
  "4": {
    "precision": 0.0,
    "recall": 0.0,
    "f1-score": 0.0,
    "support": 24.0
  },
  "5": {
    "precision": 0.6190476190476191,
    "recall": 0.5652173913043478,
    "f1-score": 0.5909090909090909,
    "support": 23.0
  },
  "6": {
    "precision": 0.3287671232876712,
    "recall": 1.0,
    "f1-score": 0.49484536082474223,
    "support": 24.0
  },
  "7": {
    "precision": 0.0,
    "recall": 0.0,
    "f1-score": 0.0,
    "support": 0.0
  },
  "8": {
    "precision": 0.0,
    "recall": 0.0,
    "f1-score": 0.0,
    "support": 0.0
  },
  "micro avg": {
    "precision": 0.4939759036144578,
    "recall": 0.4939759036144578,
    "f1-score": 0.4939759036144578,
    "support": 166.0
  },
  "macro avg": {
    "precision": 0.3871348010853601,
    "recall": 0.3866747181964573,
    "f1-score": 0.3232537626109488,
    "support": 166.0
  },
  "weighted avg": {
    "precision": 0.49544246220322274,
    "recall": 0.4939759036144578,
    "f1-score": 0.41196234811386745,
    "support": 166.0
  }
}