{
  "wall_time_sec": 61.33581519126892,
  "time_to_best_sec": 57.68866205215454,
  "best_epoch": 46,
  "transfer_mode": false,
  "num_target_samples": 0,
  "best_target_balanced_accuracy": 0.934265010351967,
  "best_target_common_accuracy": 0.9337349397590361
}