{
  "0": {
    "precision": 0.5,
    "recall": 0.6666666666666666,
    "f1-score": 0.5714285714285715,
    "support": 9.0
  },
  "1": {
    "precision": 0.38095238095238093,
    "recall": 0.8,
    "f1-score": 0.5161290322580645,
    "support": 10.0
  },
  "2": {
    "precision": 0.5882352941176471,
    "recall": 0.5263157894736842,
    "f1-score": 0.5555555555555555,
    "support": 19.0
  },
  "3": {
    "precision": 0.6190476190476191,
    "recall": 0.7647058823529411,
    "f1-score": 0.6842105263157895,
    "support": 17.0
  },
  "4": {
    "precision": 0.6666666666666666,
    "recall": 0.10526315789473684,
    "f1-score": 0.18181818181818182,
    "support": 19.0
  },
  "accuracy": 0.527027027027027,
  "macro avg": {
    "precision": 0.5509803921568628,
    "recall": 0.5725902992776057,
    "f1-score": 0.5018283734752325,
    "support": 74.0
  },
  "weighted avg": {
    "precision": 0.5767090620031797,
    "recall": 0.527027027027027,
    "f1-score": 0.4857544246338813,
    "support": 74.0
  }
}