{
  "mean_entropy": 1.3310421809956834,
  "mean_entropy_known": 1.3310421809956834,
  "mean_entropy_outlier": NaN,
  "mean_max_prob_known": 0.4543543014977429,
  "mean_max_prob_outlier": NaN
}