{
  "wall_time_sec": 513.4903049468994,
  "time_to_best_sec": 438.33140993118286,
  "best_epoch": 69,
  "transfer_mode": true,
  "num_target_samples": 155,
  "best_target_balanced_accuracy": 0.6136429308565531,
  "best_target_common_accuracy": 0.5675675675675675
}