{
  "0": {
    "precision": 0.3333333333333333,
    "recall": 0.6666666666666666,
    "f1-score": 0.4444444444444444,
    "support": 9.0
  },
  "1": {
    "precision": 0.42105263157894735,
    "recall": 0.8,
    "f1-score": 0.5517241379310345,
    "support": 10.0
  },
  "2": {
    "precision": 0.5625,
    "recall": 0.47368421052631576,
    "f1-score": 0.5142857142857142,
    "support": 19.0
  },
  "3": {
    "precision": 0.5789473684210527,
    "recall": 0.6470588235294118,
    "f1-score": 0.6111111111111113,
    "support": 17.0
  },
  "4": {
    "precision": 1.0,
    "recall": 0.10526315789473684,
    "f1-score": 0.1904761904761905,
    "support": 19.0
  },
  "accuracy": 0.4864864864864865,
  "macro avg": {
    "precision": 0.5791666666666666,
    "recall": 0.5385345717234262,
    "f1-score": 0.462408319649699,
    "support": 74.0
  },
  "weighted avg": {
    "precision": 0.631623399715505,
    "recall": 0.4864864864864865,
    "f1-score": 0.44995414133345174,
    "support": 74.0
  }
}