{
  "mean_entropy": 1.4295105273659166,
  "mean_entropy_known": 1.4295105273659166,
  "mean_entropy_outlier": NaN,
  "mean_max_prob_known": 0.4008873080885088,
  "mean_max_prob_outlier": NaN
}