{
  "wall_time_sec": 469.6699640750885,
  "time_to_best_sec": 469.6376450061798,
  "best_epoch": 74,
  "transfer_mode": true,
  "num_target_samples": 155,
  "best_target_balanced_accuracy": 0.6042174062607499,
  "best_target_common_accuracy": 0.5405405405405406
}