{
  "0": {
    "precision": 0.9587628865979382,
    "recall": 0.9789473684210527,
    "f1-score": 0.96875,
    "support": 95.0
  },
  "1": {
    "precision": 1.0,
    "recall": 1.0,
    "f1-score": 1.0,
    "support": 95.0
  },
  "2": {
    "precision": 1.0,
    "recall": 0.7894736842105263,
    "f1-score": 0.8823529411764706,
    "support": 19.0
  },
  "3": {
    "precision": 0.0,
    "recall": 0.0,
    "f1-score": 0.0,
    "support": 0.0
  },
  "4": {
    "precision": 0.9047619047619048,
    "recall": 1.0,
    "f1-score": 0.9500000000000001,
    "support": 19.0
  },
  "micro avg": {
    "precision": 0.9736842105263158,
    "recall": 0.9736842105263158,
    "f1-score": 0.9736842105263158,
    "support": 228.0
  },
  "macro avg": {
    "precision": 0.7727049582719686,
    "recall": 0.7536842105263158,
    "f1-score": 0.7602205882352941,
    "support": 228.0
  },
  "weighted avg": {
    "precision": 0.9748813614792996,
    "recall": 0.9736842105263158,
    "f1-score": 0.9730085784313726,
    "support": 228.0
  }
}