{
  "0": {
    "precision": 0.3333333333333333,
    "recall": 1.0,
    "f1-score": 0.5,
    "support": 9.0
  },
  "1": {
    "precision": 0.35,
    "recall": 0.7,
    "f1-score": 0.4666666666666667,
    "support": 10.0
  },
  "2": {
    "precision": 0.65,
    "recall": 0.6842105263157895,
    "f1-score": 0.6666666666666667,
    "support": 19.0
  },
  "3": {
    "precision": 1.0,
    "recall": 0.29411764705882354,
    "f1-score": 0.45454545454545453,
    "support": 17.0
  },
  "4": {
    "precision": 1.0,
    "recall": 0.10526315789473684,
    "f1-score": 0.1904761904761905,
    "support": 19.0
  },
  "accuracy": 0.4864864864864865,
  "macro avg": {
    "precision": 0.6666666666666667,
    "recall": 0.5567182662538699,
    "f1-score": 0.4556709956709957,
    "support": 74.0
  },
  "weighted avg": {
    "precision": 0.7412162162162163,
    "recall": 0.4864864864864865,
    "f1-score": 0.4483736983736984,
    "support": 74.0
  }
}