{
  "mean_entropy": 1.2108531763424744,
  "mean_entropy_known": 1.2108531763424744,
  "mean_entropy_outlier": NaN,
  "mean_max_prob_known": 0.483254569809179,
  "mean_max_prob_outlier": NaN
}