{
  "0": {
    "precision": 1.0,
    "recall": 1.0,
    "f1-score": 1.0,
    "support": 24.0
  },
  "1": {
    "precision": 0.9473684210526315,
    "recall": 0.782608695652174,
    "f1-score": 0.8571428571428571,
    "support": 23.0
  },
  "2": {
    "precision": 1.0,
    "recall": 1.0,
    "f1-score": 1.0,
    "support": 24.0
  },
  "3": {
    "precision": 1.0,
    "recall": 0.9166666666666666,
    "f1-score": 0.9565217391304348,
    "support": 24.0
  },
  "4": {
    "precision": 1.0,
    "recall": 1.0,
    "f1-score": 1.0,
    "support": 24.0
  },
  "5": {
    "precision": 0.7586206896551724,
    "recall": 0.9565217391304348,
    "f1-score": 0.8461538461538461,
    "support": 23.0
  },
  "6": {
    "precision": 1.0,
    "recall": 1.0,
    "f1-score": 1.0,
    "support": 24.0
  },
  "7": {
    "precision": 0.0,
    "recall": 0.0,
    "f1-score": 0.0,
    "support": 0.0
  },
  "8": {
    "precision": 0.0,
    "recall": 0.0,
    "f1-score": 0.0,
    "support": 0.0
  },
  "micro avg": {
    "precision": 0.9518072289156626,
    "recall": 0.9518072289156626,
    "f1-score": 0.9518072289156626,
    "support": 166.0
  },
  "macro avg": {
    "precision": 0.7451099011897561,
    "recall": 0.7395330112721417,
    "f1-score": 0.7399798269363487,
    "support": 166.0
  },
  "weighted avg": {
    "precision": 0.9592635514836113,
    "recall": 0.9518072289156626,
    "f1-score": 0.952604493463582,
    "support": 166.0
  }
}