{
  "mean_entropy": 2.2047101489284584,
  "mean_entropy_known": 2.2047101489284584,
  "mean_entropy_outlier": NaN,
  "mean_max_prob_known": 0.24627918501694998,
  "mean_max_prob_outlier": NaN
}