source,fcg,nmc,spinel5v
fcg,,0.03163444639718804,
nmc,,,
spinel5v,,0.1427165354330708,
