source,"Load 0 (0HP, 1797rpm)","Load 1 (1HP, 1772rpm)","Load 2 (2HP, 1750rpm)","Load 3 (3HP, 1730rpm)"
"Load 0 (0HP, 1797rpm)",,0.15263157894736845,0.17368421052631577,0.17894736842105263
"Load 1 (1HP, 1772rpm)",0.23949579831932777,,0.49473684210526314,0.5
"Load 2 (2HP, 1750rpm)",0.5607476635514019,0.6360153256704981,,0.5
"Load 3 (3HP, 1730rpm)",0.49473684210526314,0.1619718309859155,0.1619718309859155,
