split,index,label,pred,max_prob,entropy,is_outlier
target_val,0,3,3,0.5232871174812317,0.9712329506874084,False
target_val,1,3,3,0.5387187004089355,0.9821165800094604,False
target_val,2,3,3,0.5173733234405518,0.9821575284004211,False
