{
  "mean_entropy": 0.97850235303243,
  "mean_entropy_known": 0.97850235303243,
  "mean_entropy_outlier": NaN,
  "mean_max_prob_known": 0.5264597137769064,
  "mean_max_prob_outlier": NaN
}