split,index,label,pred,max_prob,entropy,is_outlier
target_val,0,0,0,0.33025413751602173,1.9778683185577393,False
target_val,1,0,0,0.2914283275604248,1.8830111026763916,False
target_val,2,0,0,0.41952234506607056,1.8460803031921387,False
target_val,3,0,0,0.599146842956543,1.444507360458374,False
