{
  "mean_entropy": 1.7878667712211609,
  "mean_entropy_known": 1.7878667712211609,
  "mean_entropy_outlier": NaN,
  "mean_max_prob_known": 0.410087913274765,
  "mean_max_prob_outlier": NaN
}