{
  "wall_time_sec": 6.175964832305908,
  "time_to_best_sec": 0.4955141544342041,
  "best_epoch": 3,
  "transfer_mode": false,
  "num_target_samples": 0,
  "best_target_balanced_accuracy": 0.9973684210526316,
  "best_target_common_accuracy": 0.9956140350877193
}