{
  "mean_entropy": 1.607054611047109,
  "mean_entropy_known": 1.607054611047109,
  "mean_entropy_outlier": NaN,
  "mean_max_prob_known": 0.21721139922738075,
  "mean_max_prob_outlier": NaN
}