{
  "0": {
    "precision": 1.0,
    "recall": 1.0,
    "f1-score": 1.0,
    "support": 24.0
  },
  "1": {
    "precision": 1.0,
    "recall": 0.782608695652174,
    "f1-score": 0.878048780487805,
    "support": 23.0
  },
  "2": {
    "precision": 0.96,
    "recall": 1.0,
    "f1-score": 0.9795918367346939,
    "support": 24.0
  },
  "3": {
    "precision": 1.0,
    "recall": 0.4583333333333333,
    "f1-score": 0.6285714285714286,
    "support": 24.0
  },
  "4": {
    "precision": 0.96,
    "recall": 1.0,
    "f1-score": 0.9795918367346939,
    "support": 24.0
  },
  "5": {
    "precision": 0.5641025641025641,
    "recall": 0.9565217391304348,
    "f1-score": 0.7096774193548387,
    "support": 23.0
  },
  "6": {
    "precision": 1.0,
    "recall": 1.0,
    "f1-score": 1.0,
    "support": 24.0
  },
  "7": {
    "precision": 0.0,
    "recall": 0.0,
    "f1-score": 0.0,
    "support": 0.0
  },
  "8": {
    "precision": 0.0,
    "recall": 0.0,
    "f1-score": 0.0,
    "support": 0.0
  },
  "micro avg": {
    "precision": 0.8855421686746988,
    "recall": 0.8855421686746988,
    "f1-score": 0.8855421686746989,
    "support": 166.0
  },
  "macro avg": {
    "precision": 0.7204558404558404,
    "recall": 0.6886070853462157,
    "f1-score": 0.6861645890981622,
    "support": 166.0
  },
  "weighted avg": {
    "precision": 0.9280383070744516,
    "recall": 0.8855421686746988,
    "f1-score": 0.8832760544901229,
    "support": 166.0
  }
}