{
  "0": {
    "precision": 0.8423645320197044,
    "recall": 1.0,
    "f1-score": 0.9144385026737968,
    "support": 171.0
  },
  "1": {
    "precision": 1.0,
    "recall": 0.9,
    "f1-score": 0.9473684210526316,
    "support": 190.0
  },
  "2": {
    "precision": 0.9454022988505747,
    "recall": 0.9113573407202216,
    "f1-score": 0.9280677009873061,
    "support": 361.0
  },
  "3": {
    "precision": 0.9498327759197325,
    "recall": 0.8792569659442725,
    "f1-score": 0.9131832797427654,
    "support": 323.0
  },
  "4": {
    "precision": 0.8987012987012987,
    "recall": 0.9584487534626038,
    "f1-score": 0.9276139410187668,
    "support": 361.0
  },
  "accuracy": 0.9253200568990043,
  "macro avg": {
    "precision": 0.9272601810982619,
    "recall": 0.9298126120254195,
    "f1-score": 0.9261343690950532,
    "support": 1406.0
  },
  "weighted avg": {
    "precision": 0.9292757612472755,
    "recall": 0.9253200568990043,
    "f1-score": 0.9254824011936876,
    "support": 1406.0
  }
}