{
  "mean_entropy": 1.6030248602231343,
  "mean_entropy_known": 1.6030248602231343,
  "mean_entropy_outlier": NaN,
  "mean_max_prob_known": 0.2264455147087574,
  "mean_max_prob_outlier": NaN
}