{
  "wall_time_sec": 6.289541959762573,
  "time_to_best_sec": 2.286010980606079,
  "best_epoch": 28,
  "transfer_mode": true,
  "num_target_samples": 41,
  "best_target_balanced_accuracy": 0.4,
  "best_target_common_accuracy": 0.6666666666666666
}