{
  "0": {
    "precision": 1.0,
    "recall": 1.0,
    "f1-score": 1.0,
    "support": 95.0
  },
  "1": {
    "precision": 1.0,
    "recall": 1.0,
    "f1-score": 1.0,
    "support": 24.0
  },
  "2": {
    "precision": 0.6857142857142857,
    "recall": 1.0,
    "f1-score": 0.8135593220338984,
    "support": 24.0
  },
  "3": {
    "precision": 1.0,
    "recall": 1.0,
    "f1-score": 1.0,
    "support": 23.0
  },
  "4": {
    "precision": 1.0,
    "recall": 0.5416666666666666,
    "f1-score": 0.7027027027027027,
    "support": 24.0
  },
  "5": {
    "precision": 0.0,
    "recall": 0.0,
    "f1-score": 0.0,
    "support": 0.0
  },
  "6": {
    "precision": 0.0,
    "recall": 0.0,
    "f1-score": 0.0,
    "support": 0.0
  },
  "7": {
    "precision": 0.0,
    "recall": 0.0,
    "f1-score": 0.0,
    "support": 0.0
  },
  "8": {
    "precision": 0.0,
    "recall": 0.0,
    "f1-score": 0.0,
    "support": 0.0
  },
  "micro avg": {
    "precision": 0.9421052631578948,
    "recall": 0.9421052631578948,
    "f1-score": 0.9421052631578948,
    "support": 190.0
  },
  "macro avg": {
    "precision": 0.5206349206349207,
    "recall": 0.5046296296296297,
    "f1-score": 0.5018068916374001,
    "support": 190.0
  },
  "weighted avg": {
    "precision": 0.9603007518796992,
    "recall": 0.9421052631578948,
    "f1-score": 0.9388962557562023,
    "support": 190.0
  }
}