{
  "0": {
    "precision": 1.0,
    "recall": 1.0,
    "f1-score": 1.0,
    "support": 171.0
  },
  "1": {
    "precision": 1.0,
    "recall": 0.9,
    "f1-score": 0.9473684210526316,
    "support": 190.0
  },
  "2": {
    "precision": 0.9454022988505747,
    "recall": 0.9113573407202216,
    "f1-score": 0.9280677009873061,
    "support": 361.0
  },
  "3": {
    "precision": 0.8848684210526315,
    "recall": 0.8328173374613003,
    "f1-score": 0.8580542264752791,
    "support": 323.0
  },
  "4": {
    "precision": 0.8689320388349514,
    "recall": 0.9916897506925207,
    "f1-score": 0.926261319534282,
    "support": 361.0
  },
  "accuracy": 0.9231863442389758,
  "macro avg": {
    "precision": 0.9398405517476315,
    "recall": 0.9271728857748085,
    "f1-score": 0.9319503336098999,
    "support": 1406.0
  },
  "weighted avg": {
    "precision": 0.9258799401881045,
    "recall": 0.9231863442389758,
    "f1-score": 0.9228764520340031,
    "support": 1406.0
  }
}