{
  "0": {
    "precision": 1.0,
    "recall": 0.7894736842105263,
    "f1-score": 0.8823529411764706,
    "support": 95.0
  },
  "1": {
    "precision": 0.9883720930232558,
    "recall": 0.8947368421052632,
    "f1-score": 0.9392265193370165,
    "support": 95.0
  },
  "2": {
    "precision": 0.6551724137931034,
    "recall": 1.0,
    "f1-score": 0.7916666666666666,
    "support": 19.0
  },
  "3": {
    "precision": 0.0,
    "recall": 0.0,
    "f1-score": 0.0,
    "support": 0.0
  },
  "4": {
    "precision": 1.0,
    "recall": 1.0,
    "f1-score": 1.0,
    "support": 19.0
  },
  "accuracy": 0.868421052631579,
  "macro avg": {
    "precision": 0.7287089013632718,
    "recall": 0.7368421052631579,
    "f1-score": 0.7226492254360307,
    "support": 228.0
  },
  "weighted avg": {
    "precision": 0.9664194065757818,
    "recall": 0.868421052631579,
    "f1-score": 0.9082969974361752,
    "support": 228.0
  }
}