{
  "mean_entropy": 0.1431505566406971,
  "mean_entropy_known": 0.1431505566406971,
  "mean_entropy_outlier": NaN,
  "mean_max_prob_known": 0.9445877008850171,
  "mean_max_prob_outlier": NaN
}