{
  "0": {
    "precision": 0.3,
    "recall": 0.3333333333333333,
    "f1-score": 0.3157894736842105,
    "support": 9.0
  },
  "1": {
    "precision": 0.75,
    "recall": 0.6,
    "f1-score": 0.6666666666666665,
    "support": 10.0
  },
  "2": {
    "precision": 0.6666666666666666,
    "recall": 0.8421052631578947,
    "f1-score": 0.744186046511628,
    "support": 19.0
  },
  "3": {
    "precision": 0.8888888888888888,
    "recall": 0.47058823529411764,
    "f1-score": 0.6153846153846153,
    "support": 17.0
  },
  "4": {
    "precision": 0.4782608695652174,
    "recall": 0.5789473684210527,
    "f1-score": 0.5238095238095238,
    "support": 19.0
  },
  "accuracy": 0.5945945945945946,
  "macro avg": {
    "precision": 0.6167632850241546,
    "recall": 0.5649948400412796,
    "f1-score": 0.5731672652113289,
    "support": 74.0
  },
  "weighted avg": {
    "precision": 0.6360099229664447,
    "recall": 0.5945945945945946,
    "f1-score": 0.5954354895603365,
    "support": 74.0
  }
}