{
  "mean_entropy": 1.425246634998837,
  "mean_entropy_known": 1.425246634998837,
  "mean_entropy_outlier": NaN,
  "mean_max_prob_known": 0.411575244890677,
  "mean_max_prob_outlier": NaN
}