{
  "0": {
    "precision": 0.2857142857142857,
    "recall": 0.8888888888888888,
    "f1-score": 0.43243243243243246,
    "support": 9.0
  },
  "1": {
    "precision": 0.34782608695652173,
    "recall": 0.8,
    "f1-score": 0.48484848484848486,
    "support": 10.0
  },
  "2": {
    "precision": 0.7333333333333333,
    "recall": 0.5789473684210527,
    "f1-score": 0.6470588235294117,
    "support": 19.0
  },
  "3": {
    "precision": 1.0,
    "recall": 0.058823529411764705,
    "f1-score": 0.1111111111111111,
    "support": 17.0
  },
  "4": {
    "precision": 0.7142857142857143,
    "recall": 0.2631578947368421,
    "f1-score": 0.3846153846153846,
    "support": 19.0
  },
  "accuracy": 0.44594594594594594,
  "macro avg": {
    "precision": 0.616231884057971,
    "recall": 0.5179635362917095,
    "f1-score": 0.41201324730736494,
    "support": 74.0
  },
  "weighted avg": {
    "precision": 0.6831682614291309,
    "recall": 0.44594594594594594,
    "f1-score": 0.40852804843265894,
    "support": 74.0
  }
}