{
  "mean_entropy": 1.3985222118931848,
  "mean_entropy_known": 1.3985222118931848,
  "mean_entropy_outlier": NaN,
  "mean_max_prob_known": 0.41022996745399526,
  "mean_max_prob_outlier": NaN
}