{
  "0": {
    "precision": 0.0,
    "recall": 0.0,
    "f1-score": 0.0,
    "support": 8.0
  },
  "1": {
    "precision": 0.0,
    "recall": 0.0,
    "f1-score": 0.0,
    "support": 10.0
  },
  "2": {
    "precision": 0.0,
    "recall": 0.0,
    "f1-score": 0.0,
    "support": 16.0
  },
  "3": {
    "precision": 0.2857142857142857,
    "recall": 1.0,
    "f1-score": 0.4444444444444445,
    "support": 14.0
  },
  "4": {
    "precision": 0.26666666666666666,
    "recall": 0.25,
    "f1-score": 0.2580645161290323,
    "support": 16.0
  },
  "accuracy": 0.28125,
  "macro avg": {
    "precision": 0.11047619047619048,
    "recall": 0.25,
    "f1-score": 0.14050179211469535,
    "support": 64.0
  },
  "weighted avg": {
    "precision": 0.12916666666666665,
    "recall": 0.28125,
    "f1-score": 0.1617383512544803,
    "support": 64.0
  }
}