{
  "mean_entropy": 1.5794296363989513,
  "mean_entropy_known": 1.5794296363989513,
  "mean_entropy_outlier": NaN,
  "mean_max_prob_known": 0.2704244690636794,
  "mean_max_prob_outlier": NaN
}