{
  "wall_time_sec": 55.38112020492554,
  "time_to_best_sec": 2.071606159210205,
  "best_epoch": 2,
  "transfer_mode": true,
  "num_target_samples": 41,
  "best_target_balanced_accuracy": 0.3,
  "best_target_common_accuracy": 0.16666666666666666
}