{
  "0": {
    "precision": 0.0,
    "recall": 0.0,
    "f1-score": 0.0,
    "support": 8.0
  },
  "1": {
    "precision": 0.07142857142857142,
    "recall": 0.1,
    "f1-score": 0.08333333333333333,
    "support": 10.0
  },
  "2": {
    "precision": 0.0,
    "recall": 0.0,
    "f1-score": 0.0,
    "support": 16.0
  },
  "3": {
    "precision": 0.375,
    "recall": 0.42857142857142855,
    "f1-score": 0.39999999999999997,
    "support": 14.0
  },
  "4": {
    "precision": 0.32142857142857145,
    "recall": 0.5625,
    "f1-score": 0.40909090909090917,
    "support": 16.0
  },
  "accuracy": 0.25,
  "macro avg": {
    "precision": 0.15357142857142855,
    "recall": 0.2182142857142857,
    "f1-score": 0.1784848484848485,
    "support": 64.0
  },
  "weighted avg": {
    "precision": 0.17354910714285715,
    "recall": 0.25,
    "f1-score": 0.20279356060606063,
    "support": 64.0
  }
}