{
  "wall_time_sec": 2.779491901397705,
  "time_to_best_sec": 2.1104068756103516,
  "best_epoch": 50,
  "transfer_mode": true,
  "num_target_samples": 41,
  "best_target_balanced_accuracy": 0.6,
  "best_target_common_accuracy": 0.6666666666666666
}