{
  "0": {
    "precision": 1.0,
    "recall": 1.0,
    "f1-score": 1.0,
    "support": 9.0
  },
  "1": {
    "precision": 0.6,
    "recall": 0.9,
    "f1-score": 0.7200000000000001,
    "support": 10.0
  },
  "2": {
    "precision": 0.9411764705882353,
    "recall": 0.8421052631578947,
    "f1-score": 0.8888888888888888,
    "support": 19.0
  },
  "3": {
    "precision": 1.0,
    "recall": 0.5294117647058824,
    "f1-score": 0.6923076923076924,
    "support": 17.0
  },
  "4": {
    "precision": 0.75,
    "recall": 0.9473684210526315,
    "f1-score": 0.8372093023255814,
    "support": 19.0
  },
  "accuracy": 0.8243243243243243,
  "macro avg": {
    "precision": 0.858235294117647,
    "recall": 0.8437770897832817,
    "f1-score": 0.8276811767044325,
    "support": 74.0
  },
  "weighted avg": {
    "precision": 0.8666534181240063,
    "recall": 0.8243243243243243,
    "f1-score": 0.8211499513825096,
    "support": 74.0
  }
}