{
  "mean_entropy": 0.48849022794496016,
  "mean_entropy_known": 0.48849022794496016,
  "mean_entropy_outlier": NaN,
  "mean_max_prob_known": 0.8152202697017709,
  "mean_max_prob_outlier": NaN
}