{
  "wall_time_sec": 5.74222993850708,
  "time_to_best_sec": 5.2263500690460205,
  "best_epoch": 45,
  "transfer_mode": true,
  "num_target_samples": 155,
  "best_target_balanced_accuracy": 0.8437770897832817,
  "best_target_common_accuracy": 0.8243243243243243
}