{
  "mean_entropy": 1.8458017110824585,
  "mean_entropy_known": 1.8458017110824585,
  "mean_entropy_outlier": NaN,
  "mean_max_prob_known": 0.2314620018005371,
  "mean_max_prob_outlier": NaN
}