{
  "wall_time_sec": 4.0676798820495605,
  "time_to_best_sec": 0.04825592041015625,
  "best_epoch": 0,
  "transfer_mode": true,
  "num_target_samples": 41,
  "best_target_balanced_accuracy": 0.25,
  "best_target_common_accuracy": 0.08333333333333333
}