split,index,label,pred,max_prob,entropy,is_outlier
target_val,0,3,3,0.3698878884315491,1.3274614810943604,False
target_val,1,3,3,0.3727107346057892,1.3275160789489746,False
target_val,2,3,3,0.3657529354095459,1.3307918310165405,False
