{
  "mean_entropy": 1.3285897970199585,
  "mean_entropy_known": 1.3285897970199585,
  "mean_entropy_outlier": NaN,
  "mean_max_prob_known": 0.36945051948229474,
  "mean_max_prob_outlier": NaN
}