{
  "mean_entropy": 1.2798405488332112,
  "mean_entropy_known": 1.2798405488332112,
  "mean_entropy_outlier": NaN,
  "mean_max_prob_known": 0.4474535832802455,
  "mean_max_prob_outlier": NaN
}