{
  "0": {
    "precision": 1.0,
    "recall": 1.0,
    "f1-score": 1.0,
    "support": 48.0
  },
  "1": {
    "precision": 0.9583333333333334,
    "recall": 1.0,
    "f1-score": 0.9787234042553191,
    "support": 23.0
  },
  "2": {
    "precision": 0.9230769230769231,
    "recall": 1.0,
    "f1-score": 0.9600000000000001,
    "support": 24.0
  },
  "3": {
    "precision": 1.0,
    "recall": 1.0,
    "f1-score": 1.0,
    "support": 24.0
  },
  "4": {
    "precision": 0.88,
    "recall": 0.9565217391304348,
    "f1-score": 0.9166666666666666,
    "support": 23.0
  },
  "5": {
    "precision": 0.9047619047619048,
    "recall": 0.7916666666666666,
    "f1-score": 0.8444444444444444,
    "support": 24.0
  },
  "6": {
    "precision": 0.8888888888888888,
    "recall": 1.0,
    "f1-score": 0.9411764705882353,
    "support": 24.0
  },
  "7": {
    "precision": 0.9473684210526315,
    "recall": 0.75,
    "f1-score": 0.8372093023255814,
    "support": 24.0
  },
  "8": {
    "precision": 0.0,
    "recall": 0.0,
    "f1-score": 0.0,
    "support": 0.0
  },
  "micro avg": {
    "precision": 0.9439252336448598,
    "recall": 0.9439252336448598,
    "f1-score": 0.9439252336448598,
    "support": 214.0
  },
  "macro avg": {
    "precision": 0.8336032745681868,
    "recall": 0.8331320450885669,
    "f1-score": 0.8309133653644718,
    "support": 214.0
  },
  "weighted avg": {
    "precision": 0.944953149408388,
    "recall": 0.9439252336448598,
    "f1-score": 0.9419714805972146,
    "support": 214.0
  }
}