{
  "0": {
    "precision": 1.0,
    "recall": 0.4631578947368421,
    "f1-score": 0.6330935251798561,
    "support": 95.0
  },
  "1": {
    "precision": 0.5733333333333334,
    "recall": 0.45263157894736844,
    "f1-score": 0.5058823529411766,
    "support": 95.0
  },
  "2": {
    "precision": 0.08974358974358974,
    "recall": 0.3684210526315789,
    "f1-score": 0.1443298969072165,
    "support": 19.0
  },
  "3": {
    "precision": 0.0,
    "recall": 0.0,
    "f1-score": 0.0,
    "support": 0.0
  },
  "4": {
    "precision": 0.6551724137931034,
    "recall": 1.0,
    "f1-score": 0.7916666666666666,
    "support": 19.0
  },
  "accuracy": 0.4956140350877193,
  "macro avg": {
    "precision": 0.46364986737400526,
    "recall": 0.4568421052631579,
    "f1-score": 0.4149944883389831,
    "support": 228.0
  },
  "weighted avg": {
    "precision": 0.7176318891836133,
    "recall": 0.4956140350877193,
    "f1-score": 0.5525729961815872,
    "support": 228.0
  }
}