{
  "0": {
    "precision": 1.0,
    "recall": 1.0,
    "f1-score": 1.0,
    "support": 171.0
  },
  "1": {
    "precision": 1.0,
    "recall": 0.868421052631579,
    "f1-score": 0.9295774647887324,
    "support": 190.0
  },
  "2": {
    "precision": 0.9352331606217616,
    "recall": 1.0,
    "f1-score": 0.9665327978580991,
    "support": 361.0
  },
  "3": {
    "precision": 0.991869918699187,
    "recall": 0.37770897832817335,
    "f1-score": 0.5470852017937219,
    "support": 323.0
  },
  "4": {
    "precision": 0.6417112299465241,
    "recall": 0.997229916897507,
    "f1-score": 0.7809110629067244,
    "support": 361.0
  },
  "accuracy": 0.8385490753911806,
  "macro avg": {
    "precision": 0.9137628618534945,
    "recall": 0.8486719895714518,
    "f1-score": 0.8448213054694556,
    "support": 1406.0
  },
  "weighted avg": {
    "precision": 0.8895098924146433,
    "recall": 0.8385490753911806,
    "f1-score": 0.8215899517961115,
    "support": 1406.0
  }
}