{
  "mean_entropy": 0.19721999162562395,
  "mean_entropy_known": 0.19721999162562395,
  "mean_entropy_outlier": NaN,
  "mean_max_prob_known": 0.9315309321685332,
  "mean_max_prob_outlier": NaN
}