split,index,label,pred,max_prob,entropy,is_outlier
target_val,0,0,3,0.25177061557769775,1.593904972076416,False
target_val,1,0,2,0.24099452793598175,1.5931944847106934,False
target_val,2,0,4,0.22139166295528412,1.603623867034912,False
target_val,3,0,3,0.24548403918743134,1.5993459224700928,False
