{
  "mean_entropy": 1.5975173115730286,
  "mean_entropy_known": 1.5975173115730286,
  "mean_entropy_outlier": NaN,
  "mean_max_prob_known": 0.23991021141409874,
  "mean_max_prob_outlier": NaN
}