{
  "wall_time_sec": 806.7810082435608,
  "time_to_best_sec": 110.90221834182739,
  "best_epoch": 9,
  "transfer_mode": true,
  "num_target_samples": 854,
  "best_target_balanced_accuracy": 0.9791666666666666,
  "best_target_common_accuracy": 0.9789473684210527
}