{
  "mean_entropy": 0.9148025922477245,
  "mean_entropy_known": 0.9148025922477245,
  "mean_entropy_outlier": NaN,
  "mean_max_prob_known": 0.6697071939706802,
  "mean_max_prob_outlier": NaN
}