split,index,label,pred,max_prob,entropy,is_outlier
target_val,0,0,0,0.4132716655731201,1.2910114526748657,False
target_val,1,0,0,0.6611298322677612,1.0699008703231812,False
target_val,2,0,0,0.633406937122345,1.1496602296829224,False
target_val,3,0,0,0.9710203409194946,0.1486378163099289,False
