{
  "wall_time_sec": 151.9092390537262,
  "time_to_best_sec": 44.4995059967041,
  "best_epoch": 15,
  "transfer_mode": true,
  "num_target_samples": 854,
  "best_target_balanced_accuracy": 0.9791666666666666,
  "best_target_common_accuracy": 0.9789473684210527
}