{
  "mean_entropy": 0.14602691923517366,
  "mean_entropy_known": 0.043722048190524096,
  "mean_entropy_outlier": 0.6753434259444475,
  "mean_max_prob_known": 0.9943922973480546,
  "mean_max_prob_outlier": 0.7506244156671606
}