{
  "0": {
    "precision": 0.0,
    "recall": 0.0,
    "f1-score": 0.0,
    "support": 5.0
  },
  "1": {
    "precision": 0.0,
    "recall": 0.0,
    "f1-score": 0.0,
    "support": 5.0
  },
  "2": {
    "precision": 1.0,
    "recall": 1.0,
    "f1-score": 1.0,
    "support": 1.0
  },
  "3": {
    "precision": 0.0,
    "recall": 0.0,
    "f1-score": 0.0,
    "support": 0.0
  },
  "4": {
    "precision": 0.1111111111111111,
    "recall": 1.0,
    "f1-score": 0.19999999999999998,
    "support": 1.0
  },
  "accuracy": 0.16666666666666666,
  "macro avg": {
    "precision": 0.22222222222222224,
    "recall": 0.4,
    "f1-score": 0.24,
    "support": 12.0
  },
  "weighted avg": {
    "precision": 0.0925925925925926,
    "recall": 0.16666666666666666,
    "f1-score": 0.09999999999999999,
    "support": 12.0
  }
}