{
  "0": {
    "precision": 0.4666666666666667,
    "recall": 0.7777777777777778,
    "f1-score": 0.5833333333333334,
    "support": 9.0
  },
  "1": {
    "precision": 0.75,
    "recall": 0.6,
    "f1-score": 0.6666666666666665,
    "support": 10.0
  },
  "2": {
    "precision": 0.6956521739130435,
    "recall": 0.8421052631578947,
    "f1-score": 0.761904761904762,
    "support": 19.0
  },
  "3": {
    "precision": 0.6,
    "recall": 0.35294117647058826,
    "f1-score": 0.4444444444444445,
    "support": 17.0
  },
  "4": {
    "precision": 0.6111111111111112,
    "recall": 0.5789473684210527,
    "f1-score": 0.5945945945945946,
    "support": 19.0
  },
  "accuracy": 0.6216216216216216,
  "macro avg": {
    "precision": 0.6246859903381643,
    "recall": 0.6303543171654626,
    "f1-score": 0.6101887601887602,
    "support": 74.0
  },
  "weighted avg": {
    "precision": 0.6314662488575532,
    "recall": 0.6216216216216216,
    "f1-score": 0.6114285134555405,
    "support": 74.0
  }
}