{
  "mean_entropy": 0.9881992693990469,
  "mean_entropy_known": 0.9881992693990469,
  "mean_entropy_outlier": NaN,
  "mean_max_prob_known": 0.6038243182607599,
  "mean_max_prob_outlier": NaN
}