{
  "wall_time_sec": 5.660746097564697,
  "time_to_best_sec": 3.930389881134033,
  "best_epoch": 35,
  "transfer_mode": true,
  "num_target_samples": 155,
  "best_target_balanced_accuracy": 0.6408118335053319,
  "best_target_common_accuracy": 0.6216216216216216
}