{
  "0": {
    "precision": 0.9595959595959596,
    "recall": 1.0,
    "f1-score": 0.979381443298969,
    "support": 95.0
  },
  "1": {
    "precision": 0.0,
    "recall": 0.0,
    "f1-score": 0.0,
    "support": 24.0
  },
  "2": {
    "precision": 1.0,
    "recall": 0.5416666666666666,
    "f1-score": 0.7027027027027027,
    "support": 24.0
  },
  "3": {
    "precision": 0.7741935483870968,
    "recall": 1.0,
    "f1-score": 0.8727272727272727,
    "support": 24.0
  },
  "4": {
    "precision": 0.5,
    "recall": 1.0,
    "f1-score": 0.6666666666666666,
    "support": 24.0
  },
  "5": {
    "precision": 0.0,
    "recall": 0.0,
    "f1-score": 0.0,
    "support": 0.0
  },
  "6": {
    "precision": 0.0,
    "recall": 0.0,
    "f1-score": 0.0,
    "support": 0.0
  },
  "7": {
    "precision": 0.0,
    "recall": 0.0,
    "f1-score": 0.0,
    "support": 0.0
  },
  "8": {
    "precision": 0.0,
    "recall": 0.0,
    "f1-score": 0.0,
    "support": 0.0
  },
  "micro avg": {
    "precision": 0.8167539267015707,
    "recall": 0.8167539267015707,
    "f1-score": 0.8167539267015707,
    "support": 191.0
  },
  "macro avg": {
    "precision": 0.3593099453314507,
    "recall": 0.3935185185185185,
    "f1-score": 0.3579420094884012,
    "support": 191.0
  },
  "weighted avg": {
    "precision": 0.7630484886016046,
    "recall": 0.8167539267015707,
    "f1-score": 0.7688563168781228,
    "support": 191.0
  }
}