{
  "mean_entropy": 1.6093777418136597,
  "mean_entropy_known": 1.6093777418136597,
  "mean_entropy_outlier": NaN,
  "mean_max_prob_known": 0.20238125324249268,
  "mean_max_prob_outlier": NaN
}