{
  "wall_time_sec": 27.890465021133423,
  "time_to_best_sec": 0.9250378608703613,
  "best_epoch": 2,
  "transfer_mode": true,
  "num_target_samples": 779,
  "best_target_balanced_accuracy": 0.25,
  "best_target_common_accuracy": 0.4166666666666667
}