{
  "0": {
    "precision": 0.3333333333333333,
    "recall": 0.3333333333333333,
    "f1-score": 0.3333333333333333,
    "support": 9.0
  },
  "1": {
    "precision": 0.7777777777777778,
    "recall": 0.7,
    "f1-score": 0.7368421052631577,
    "support": 10.0
  },
  "2": {
    "precision": 0.6666666666666666,
    "recall": 0.8421052631578947,
    "f1-score": 0.744186046511628,
    "support": 19.0
  },
  "3": {
    "precision": 0.8,
    "recall": 0.47058823529411764,
    "f1-score": 0.5925925925925927,
    "support": 17.0
  },
  "4": {
    "precision": 0.5,
    "recall": 0.5789473684210527,
    "f1-score": 0.5365853658536586,
    "support": 19.0
  },
  "accuracy": 0.6081081081081081,
  "macro avg": {
    "precision": 0.6155555555555555,
    "recall": 0.5849948400412797,
    "f1-score": 0.588707888710874,
    "support": 74.0
  },
  "weighted avg": {
    "precision": 0.628978978978979,
    "recall": 0.6081081081081081,
    "f1-score": 0.6050966481303527,
    "support": 74.0
  }
}