{
  "mean_entropy": 1.442725742185438,
  "mean_entropy_known": 1.442725742185438,
  "mean_entropy_outlier": NaN,
  "mean_max_prob_known": 0.3847106030663928,
  "mean_max_prob_outlier": NaN
}