{
  "0": {
    "precision": 0.0,
    "recall": 0.0,
    "f1-score": 0.0,
    "support": 0.0
  },
  "1": {
    "precision": 0.9230769230769231,
    "recall": 1.0,
    "f1-score": 0.9600000000000001,
    "support": 24.0
  },
  "2": {
    "precision": 1.0,
    "recall": 1.0,
    "f1-score": 1.0,
    "support": 23.0
  },
  "3": {
    "precision": 0.92,
    "recall": 0.9583333333333334,
    "f1-score": 0.9387755102040817,
    "support": 24.0
  },
  "4": {
    "precision": 1.0,
    "recall": 0.875,
    "f1-score": 0.9333333333333333,
    "support": 24.0
  },
  "5": {
    "precision": 0.0,
    "recall": 0.0,
    "f1-score": 0.0,
    "support": 0.0
  },
  "6": {
    "precision": 1.0,
    "recall": 1.0,
    "f1-score": 1.0,
    "support": 24.0
  },
  "7": {
    "precision": 1.0,
    "recall": 0.9565217391304348,
    "f1-score": 0.9777777777777777,
    "support": 23.0
  },
  "8": {
    "precision": 0.96,
    "recall": 1.0,
    "f1-score": 0.9795918367346939,
    "support": 24.0
  },
  "micro avg": {
    "precision": 0.9698795180722891,
    "recall": 0.9698795180722891,
    "f1-score": 0.9698795180722891,
    "support": 166.0
  },
  "macro avg": {
    "precision": 0.755897435897436,
    "recall": 0.754428341384863,
    "f1-score": 0.7543864953388764,
    "support": 166.0
  },
  "weighted avg": {
    "precision": 0.9715291936978683,
    "recall": 0.9698795180722891,
    "f1-score": 0.9696970193699969,
    "support": 166.0
  }
}