{
  "mean_entropy": 1.5961459279060364,
  "mean_entropy_known": 1.5961459279060364,
  "mean_entropy_outlier": NaN,
  "mean_max_prob_known": 0.24528655037283897,
  "mean_max_prob_outlier": NaN
}