split,index,label,pred,max_prob,entropy,is_outlier
target_val,0,0,0,0.2693439722061157,1.5946998596191406,False
target_val,1,0,3,0.21422657370567322,1.6073787212371826,False
target_val,2,0,4,0.23406456410884857,1.5941284894943237,False
target_val,3,0,3,0.2635110914707184,1.5883766412734985,False
