{
  "0": {
    "precision": 0.6666666666666666,
    "recall": 0.8,
    "f1-score": 0.7272727272727272,
    "support": 5.0
  },
  "1": {
    "precision": 0.6666666666666666,
    "recall": 0.8,
    "f1-score": 0.7272727272727272,
    "support": 5.0
  },
  "2": {
    "precision": 0.0,
    "recall": 0.0,
    "f1-score": 0.0,
    "support": 1.0
  },
  "3": {
    "precision": 0.0,
    "recall": 0.0,
    "f1-score": 0.0,
    "support": 0.0
  },
  "4": {
    "precision": 0.0,
    "recall": 0.0,
    "f1-score": 0.0,
    "support": 1.0
  },
  "micro avg": {
    "precision": 0.6666666666666666,
    "recall": 0.6666666666666666,
    "f1-score": 0.6666666666666666,
    "support": 12.0
  },
  "macro avg": {
    "precision": 0.26666666666666666,
    "recall": 0.32,
    "f1-score": 0.2909090909090909,
    "support": 12.0
  },
  "weighted avg": {
    "precision": 0.5555555555555555,
    "recall": 0.6666666666666666,
    "f1-score": 0.606060606060606,
    "support": 12.0
  }
}