{
  "mean_entropy": 1.6054756840070088,
  "mean_entropy_known": 1.6054756840070088,
  "mean_entropy_outlier": NaN,
  "mean_max_prob_known": 0.22072268649935722,
  "mean_max_prob_outlier": NaN
}