{
  "mean_entropy": 0.8758616894483566,
  "mean_entropy_known": 0.8758616894483566,
  "mean_entropy_outlier": NaN,
  "mean_max_prob_known": 0.6793952509760857,
  "mean_max_prob_outlier": NaN
}