split,index,label,pred,max_prob,entropy,is_outlier
target_val,0,0,0,0.4707081615924835,1.077972412109375,False
target_val,1,0,0,0.6803149580955505,1.0062389373779297,False
target_val,2,0,0,0.5973206162452698,1.26222825050354,False
target_val,3,0,0,0.9692372679710388,0.1570071578025818,False
