{
  "wall_time_sec": 809.9178051948547,
  "time_to_best_sec": 113.77087378501892,
  "best_epoch": 9,
  "transfer_mode": true,
  "num_target_samples": 854,
  "best_target_balanced_accuracy": 0.9791666666666666,
  "best_target_common_accuracy": 0.9789473684210527
}