{
  "0": {
    "precision": 0.34782608695652173,
    "recall": 0.8888888888888888,
    "f1-score": 0.5,
    "support": 9.0
  },
  "1": {
    "precision": 0.7777777777777778,
    "recall": 0.7,
    "f1-score": 0.7368421052631577,
    "support": 10.0
  },
  "2": {
    "precision": 0.6956521739130435,
    "recall": 0.8421052631578947,
    "f1-score": 0.761904761904762,
    "support": 19.0
  },
  "3": {
    "precision": 0.75,
    "recall": 0.5294117647058824,
    "f1-score": 0.6206896551724139,
    "support": 17.0
  },
  "4": {
    "precision": 0.8571428571428571,
    "recall": 0.3157894736842105,
    "f1-score": 0.46153846153846156,
    "support": 19.0
  },
  "accuracy": 0.6216216216216216,
  "macro avg": {
    "precision": 0.68567977915804,
    "recall": 0.6552390780873752,
    "f1-score": 0.6161949967757592,
    "support": 74.0
  },
  "weighted avg": {
    "precision": 0.7183961912222782,
    "recall": 0.6216216216216216,
    "f1-score": 0.6171022491349171,
    "support": 74.0
  }
}