{
  "mean_entropy": 1.5534458965868563,
  "mean_entropy_known": 1.5534458965868563,
  "mean_entropy_outlier": NaN,
  "mean_max_prob_known": 0.29736738712401,
  "mean_max_prob_outlier": NaN
}