{
  "0": {
    "precision": 1.0,
    "recall": 1.0,
    "f1-score": 1.0,
    "support": 95.0
  },
  "1": {
    "precision": 1.0,
    "recall": 1.0,
    "f1-score": 1.0,
    "support": 95.0
  },
  "2": {
    "precision": 1.0,
    "recall": 0.8421052631578947,
    "f1-score": 0.9142857142857143,
    "support": 19.0
  },
  "3": {
    "precision": 0.0,
    "recall": 0.0,
    "f1-score": 0.0,
    "support": 0.0
  },
  "4": {
    "precision": 1.0,
    "recall": 1.0,
    "f1-score": 1.0,
    "support": 19.0
  },
  "accuracy": 0.9868421052631579,
  "macro avg": {
    "precision": 0.8,
    "recall": 0.7684210526315789,
    "f1-score": 0.7828571428571428,
    "support": 228.0
  },
  "weighted avg": {
    "precision": 1.0,
    "recall": 0.9868421052631579,
    "f1-score": 0.9928571428571429,
    "support": 228.0
  }
}