{
  "mean_entropy": 0.24648267495764517,
  "mean_entropy_known": 0.24648267495764517,
  "mean_entropy_outlier": NaN,
  "mean_max_prob_known": 0.9089567940355393,
  "mean_max_prob_outlier": NaN
}