{
  "wall_time_sec": 19.85135507583618,
  "time_to_best_sec": 2.423241138458252,
  "best_epoch": 5,
  "transfer_mode": false,
  "num_target_samples": 0,
  "best_target_balanced_accuracy": 0.9605263157894737,
  "best_target_common_accuracy": 0.9868421052631579
}