{
  "0": {
    "precision": 0.2,
    "recall": 0.2,
    "f1-score": 0.20000000000000004,
    "support": 5.0
  },
  "1": {
    "precision": 0.5,
    "recall": 0.2,
    "f1-score": 0.28571428571428575,
    "support": 5.0
  },
  "2": {
    "precision": 1.0,
    "recall": 1.0,
    "f1-score": 1.0,
    "support": 1.0
  },
  "3": {
    "precision": 0.0,
    "recall": 0.0,
    "f1-score": 0.0,
    "support": 0.0
  },
  "4": {
    "precision": 0.0,
    "recall": 0.0,
    "f1-score": 0.0,
    "support": 1.0
  },
  "micro avg": {
    "precision": 0.25,
    "recall": 0.25,
    "f1-score": 0.25,
    "support": 12.0
  },
  "macro avg": {
    "precision": 0.33999999999999997,
    "recall": 0.27999999999999997,
    "f1-score": 0.29714285714285715,
    "support": 12.0
  },
  "weighted avg": {
    "precision": 0.375,
    "recall": 0.25,
    "f1-score": 0.28571428571428575,
    "support": 12.0
  }
}