{
  "0": {
    "precision": 0.391304347826087,
    "recall": 1.0,
    "f1-score": 0.5625,
    "support": 9.0
  },
  "1": {
    "precision": 0.6153846153846154,
    "recall": 0.8,
    "f1-score": 0.6956521739130435,
    "support": 10.0
  },
  "2": {
    "precision": 0.8421052631578947,
    "recall": 0.8421052631578947,
    "f1-score": 0.8421052631578947,
    "support": 19.0
  },
  "3": {
    "precision": 0.8888888888888888,
    "recall": 0.47058823529411764,
    "f1-score": 0.6153846153846153,
    "support": 17.0
  },
  "4": {
    "precision": 0.9,
    "recall": 0.47368421052631576,
    "f1-score": 0.6206896551724138,
    "support": 19.0
  },
  "accuracy": 0.6756756756756757,
  "macro avg": {
    "precision": 0.7275366230514971,
    "recall": 0.7172755417956657,
    "f1-score": 0.6672663415255935,
    "support": 74.0
  },
  "weighted avg": {
    "precision": 0.7822526539917843,
    "recall": 0.6756756756756757,
    "f1-score": 0.679373833093848,
    "support": 74.0
  }
}