{
  "0": {
    "precision": 1.0,
    "recall": 1.0,
    "f1-score": 1.0,
    "support": 48.0
  },
  "1": {
    "precision": 0.0,
    "recall": 0.0,
    "f1-score": 0.0,
    "support": 23.0
  },
  "2": {
    "precision": 0.48,
    "recall": 1.0,
    "f1-score": 0.6486486486486487,
    "support": 24.0
  },
  "3": {
    "precision": 1.0,
    "recall": 1.0,
    "f1-score": 1.0,
    "support": 24.0
  },
  "4": {
    "precision": 0.8846153846153846,
    "recall": 1.0,
    "f1-score": 0.9387755102040816,
    "support": 23.0
  },
  "5": {
    "precision": 0.9285714285714286,
    "recall": 0.5416666666666666,
    "f1-score": 0.6842105263157894,
    "support": 24.0
  },
  "6": {
    "precision": 0.96,
    "recall": 1.0,
    "f1-score": 0.9795918367346939,
    "support": 24.0
  },
  "7": {
    "precision": 0.0,
    "recall": 0.0,
    "f1-score": 0.0,
    "support": 24.0
  },
  "8": {
    "precision": 0.0,
    "recall": 0.0,
    "f1-score": 0.0,
    "support": 0.0
  },
  "micro avg": {
    "precision": 0.7289719626168224,
    "recall": 0.7289719626168224,
    "f1-score": 0.7289719626168223,
    "support": 214.0
  },
  "macro avg": {
    "precision": 0.5836874236874237,
    "recall": 0.6157407407407407,
    "f1-score": 0.5834696135448014,
    "support": 214.0
  },
  "weighted avg": {
    "precision": 0.6971582622984492,
    "recall": 0.7289719626168224,
    "f1-score": 0.6966853318480047,
    "support": 214.0
  }
}