{
  "mean_entropy": 1.942876484519557,
  "mean_entropy_known": 1.9198257978455426,
  "mean_entropy_outlier": 2.0566892499725022,
  "mean_max_prob_known": 0.34510594857895927,
  "mean_max_prob_outlier": 0.2539814055586855
}