{
  "0": {
    "precision": 0.7058823529411765,
    "recall": 1.0,
    "f1-score": 0.8275862068965517,
    "support": 24.0
  },
  "1": {
    "precision": 0.38333333333333336,
    "recall": 1.0,
    "f1-score": 0.5542168674698795,
    "support": 23.0
  },
  "2": {
    "precision": 0.0,
    "recall": 0.0,
    "f1-score": 0.0,
    "support": 24.0
  },
  "3": {
    "precision": 0.7931034482758621,
    "recall": 0.9583333333333334,
    "f1-score": 0.8679245283018867,
    "support": 24.0
  },
  "4": {
    "precision": 0.0,
    "recall": 0.0,
    "f1-score": 0.0,
    "support": 23.0
  },
  "5": {
    "precision": 0.9473684210526315,
    "recall": 0.75,
    "f1-score": 0.8372093023255814,
    "support": 24.0
  },
  "6": {
    "precision": 0.0,
    "recall": 0.0,
    "f1-score": 0.0,
    "support": 0.0
  },
  "7": {
    "precision": 0.0,
    "recall": 0.0,
    "f1-score": 0.0,
    "support": 0.0
  },
  "8": {
    "precision": 0.0,
    "recall": 0.0,
    "f1-score": 0.0,
    "support": 0.0
  },
  "micro avg": {
    "precision": 0.6197183098591549,
    "recall": 0.6197183098591549,
    "f1-score": 0.6197183098591549,
    "support": 142.0
  },
  "macro avg": {
    "precision": 0.3144097284003337,
    "recall": 0.41203703703703703,
    "f1-score": 0.3429929894437666,
    "support": 142.0
  },
  "weighted avg": {
    "precision": 0.4755575211347799,
    "recall": 0.6197183098591549,
    "f1-score": 0.5178328792421388,
    "support": 142.0
  }
}