{
  "0": {
    "precision": 0.875,
    "recall": 0.875,
    "f1-score": 0.875,
    "support": 8.0
  },
  "1": {
    "precision": 0.5,
    "recall": 0.1,
    "f1-score": 0.16666666666666669,
    "support": 10.0
  },
  "2": {
    "precision": 0.625,
    "recall": 0.9375,
    "f1-score": 0.75,
    "support": 16.0
  },
  "3": {
    "precision": 0.6666666666666666,
    "recall": 0.8571428571428571,
    "f1-score": 0.75,
    "support": 14.0
  },
  "4": {
    "precision": 0.5,
    "recall": 0.375,
    "f1-score": 0.42857142857142855,
    "support": 16.0
  },
  "accuracy": 0.640625,
  "macro avg": {
    "precision": 0.6333333333333333,
    "recall": 0.6289285714285715,
    "f1-score": 0.594047619047619,
    "support": 64.0
  },
  "weighted avg": {
    "precision": 0.6145833333333333,
    "recall": 0.640625,
    "f1-score": 0.5941220238095238,
    "support": 64.0
  }
}