{
  "mean_entropy": 1.2025317748387654,
  "mean_entropy_known": 1.2025317748387654,
  "mean_entropy_outlier": NaN,
  "mean_max_prob_known": 0.4925223042567571,
  "mean_max_prob_outlier": NaN
}