{
  "wall_time_sec": 6.492128849029541,
  "time_to_best_sec": 6.089367628097534,
  "best_epoch": 70,
  "transfer_mode": true,
  "num_target_samples": 41,
  "best_target_balanced_accuracy": 0.5,
  "best_target_common_accuracy": 0.16666666666666666
}