{
  "0": {
    "precision": 0.8,
    "recall": 1.0,
    "f1-score": 0.888888888888889,
    "support": 8.0
  },
  "1": {
    "precision": 0.8,
    "recall": 0.8,
    "f1-score": 0.8000000000000002,
    "support": 10.0
  },
  "2": {
    "precision": 0.9333333333333333,
    "recall": 0.875,
    "f1-score": 0.9032258064516129,
    "support": 16.0
  },
  "3": {
    "precision": 0.625,
    "recall": 0.7142857142857143,
    "f1-score": 0.6666666666666666,
    "support": 14.0
  },
  "4": {
    "precision": 0.8461538461538461,
    "recall": 0.6875,
    "f1-score": 0.7586206896551724,
    "support": 16.0
  },
  "accuracy": 0.796875,
  "macro avg": {
    "precision": 0.8008974358974358,
    "recall": 0.8153571428571429,
    "f1-score": 0.8034804103324682,
    "support": 64.0
  },
  "weighted avg": {
    "precision": 0.8065905448717949,
    "recall": 0.796875,
    "f1-score": 0.7974060684711408,
    "support": 64.0
  }
}