{
  "0": {
    "precision": 0.34782608695652173,
    "recall": 1.0,
    "f1-score": 0.5161290322580645,
    "support": 24.0
  },
  "1": {
    "precision": 0.696969696969697,
    "recall": 1.0,
    "f1-score": 0.8214285714285715,
    "support": 23.0
  },
  "2": {
    "precision": 0.0,
    "recall": 0.0,
    "f1-score": 0.0,
    "support": 24.0
  },
  "3": {
    "precision": 1.0,
    "recall": 1.0,
    "f1-score": 1.0,
    "support": 24.0
  },
  "4": {
    "precision": 0.0,
    "recall": 0.0,
    "f1-score": 0.0,
    "support": 23.0
  },
  "5": {
    "precision": 0.5625,
    "recall": 0.375,
    "f1-score": 0.45,
    "support": 24.0
  },
  "6": {
    "precision": 0.0,
    "recall": 0.0,
    "f1-score": 0.0,
    "support": 0.0
  },
  "7": {
    "precision": 0.0,
    "recall": 0.0,
    "f1-score": 0.0,
    "support": 0.0
  },
  "8": {
    "precision": 0.0,
    "recall": 0.0,
    "f1-score": 0.0,
    "support": 0.0
  },
  "micro avg": {
    "precision": 0.5633802816901409,
    "recall": 0.5633802816901409,
    "f1-score": 0.5633802816901409,
    "support": 142.0
  },
  "macro avg": {
    "precision": 0.2896995315473576,
    "recall": 0.375,
    "f1-score": 0.30972862263184847,
    "support": 142.0
  },
  "weighted avg": {
    "precision": 0.4357614726567574,
    "recall": 0.5633802816901409,
    "f1-score": 0.4653517881482443,
    "support": 142.0
  }
}