{
  "0": {
    "precision": 0.16666666666666666,
    "recall": 0.2,
    "f1-score": 0.1818181818181818,
    "support": 5.0
  },
  "1": {
    "precision": 0.0,
    "recall": 0.0,
    "f1-score": 0.0,
    "support": 5.0
  },
  "2": {
    "precision": 1.0,
    "recall": 1.0,
    "f1-score": 1.0,
    "support": 1.0
  },
  "3": {
    "precision": 0.0,
    "recall": 0.0,
    "f1-score": 0.0,
    "support": 0.0
  },
  "4": {
    "precision": 0.0,
    "recall": 0.0,
    "f1-score": 0.0,
    "support": 1.0
  },
  "micro avg": {
    "precision": 0.16666666666666666,
    "recall": 0.16666666666666666,
    "f1-score": 0.16666666666666666,
    "support": 12.0
  },
  "macro avg": {
    "precision": 0.23333333333333334,
    "recall": 0.24,
    "f1-score": 0.2363636363636364,
    "support": 12.0
  },
  "weighted avg": {
    "precision": 0.15277777777777776,
    "recall": 0.16666666666666666,
    "f1-score": 0.1590909090909091,
    "support": 12.0
  }
}