{
  "0": {
    "precision": 0.0,
    "recall": 0.0,
    "f1-score": 0.0,
    "support": 0.0
  },
  "1": {
    "precision": 1.0,
    "recall": 1.0,
    "f1-score": 1.0,
    "support": 24.0
  },
  "2": {
    "precision": 1.0,
    "recall": 1.0,
    "f1-score": 1.0,
    "support": 23.0
  },
  "3": {
    "precision": 1.0,
    "recall": 0.9583333333333334,
    "f1-score": 0.9787234042553191,
    "support": 24.0
  },
  "4": {
    "precision": 1.0,
    "recall": 1.0,
    "f1-score": 1.0,
    "support": 24.0
  },
  "5": {
    "precision": 0.0,
    "recall": 0.0,
    "f1-score": 0.0,
    "support": 0.0
  },
  "6": {
    "precision": 1.0,
    "recall": 1.0,
    "f1-score": 1.0,
    "support": 24.0
  },
  "7": {
    "precision": 1.0,
    "recall": 1.0,
    "f1-score": 1.0,
    "support": 23.0
  },
  "8": {
    "precision": 0.96,
    "recall": 1.0,
    "f1-score": 0.9795918367346939,
    "support": 24.0
  },
  "micro avg": {
    "precision": 0.9939759036144579,
    "recall": 0.9939759036144579,
    "f1-score": 0.9939759036144579,
    "support": 166.0
  },
  "macro avg": {
    "precision": 0.7733333333333333,
    "recall": 0.7731481481481483,
    "f1-score": 0.7731461378877793,
    "support": 166.0
  },
  "weighted avg": {
    "precision": 0.9942168674698795,
    "recall": 0.9939759036144579,
    "f1-score": 0.9939732878539779,
    "support": 166.0
  }
}