{
  "0": {
    "precision": 1.0,
    "recall": 1.0,
    "f1-score": 1.0,
    "support": 48.0
  },
  "1": {
    "precision": 1.0,
    "recall": 1.0,
    "f1-score": 1.0,
    "support": 23.0
  },
  "2": {
    "precision": 1.0,
    "recall": 1.0,
    "f1-score": 1.0,
    "support": 24.0
  },
  "3": {
    "precision": 1.0,
    "recall": 0.7916666666666666,
    "f1-score": 0.8837209302325582,
    "support": 24.0
  },
  "4": {
    "precision": 1.0,
    "recall": 0.9583333333333334,
    "f1-score": 0.9787234042553191,
    "support": 24.0
  },
  "5": {
    "precision": 1.0,
    "recall": 1.0,
    "f1-score": 1.0,
    "support": 23.0
  },
  "6": {
    "precision": 0.96,
    "recall": 1.0,
    "f1-score": 0.9795918367346939,
    "support": 24.0
  },
  "7": {
    "precision": 1.0,
    "recall": 1.0,
    "f1-score": 1.0,
    "support": 24.0
  },
  "8": {
    "precision": 0.8275862068965517,
    "recall": 1.0,
    "f1-score": 0.9056603773584906,
    "support": 24.0
  },
  "accuracy": 0.9747899159663865,
  "macro avg": {
    "precision": 0.9763984674329502,
    "recall": 0.9722222222222222,
    "f1-score": 0.9719662831756735,
    "support": 238.0
  },
  "weighted avg": {
    "precision": 0.9785801217038539,
    "recall": 0.9747899159663865,
    "f1-score": 0.9745576351510314,
    "support": 238.0
  }
}