{
  "0": {
    "precision": 0.125,
    "recall": 1.0,
    "f1-score": 0.2222222222222222,
    "support": 8.0
  },
  "1": {
    "precision": 0.0,
    "recall": 0.0,
    "f1-score": 0.0,
    "support": 10.0
  },
  "2": {
    "precision": 0.0,
    "recall": 0.0,
    "f1-score": 0.0,
    "support": 16.0
  },
  "3": {
    "precision": 0.0,
    "recall": 0.0,
    "f1-score": 0.0,
    "support": 14.0
  },
  "4": {
    "precision": 0.0,
    "recall": 0.0,
    "f1-score": 0.0,
    "support": 16.0
  },
  "accuracy": 0.125,
  "macro avg": {
    "precision": 0.025,
    "recall": 0.2,
    "f1-score": 0.04444444444444444,
    "support": 64.0
  },
  "weighted avg": {
    "precision": 0.015625,
    "recall": 0.125,
    "f1-score": 0.027777777777777776,
    "support": 64.0
  }
}