{
  "mean_entropy": 1.6064629554748535,
  "mean_entropy_known": 1.6064629554748535,
  "mean_entropy_outlier": NaN,
  "mean_max_prob_known": 0.21925661961237589,
  "mean_max_prob_outlier": NaN
}