split,index,label,pred,max_prob,entropy,is_outlier
target_val,0,3,0,0.21925663948059082,1.6064629554748535,False
target_val,1,3,0,0.21925660967826843,1.6064629554748535,False
target_val,2,3,0,0.21925660967826843,1.6064629554748535,False
