{
  "mean_entropy": 2.3009620110193887,
  "mean_entropy_known": 2.3009620110193887,
  "mean_entropy_outlier": NaN,
  "mean_max_prob_known": 0.11352693041165669,
  "mean_max_prob_outlier": NaN
}