{
  "wall_time_sec": 61.38060474395752,
  "time_to_best_sec": 55.25230884552002,
  "best_epoch": 44,
  "transfer_mode": false,
  "num_target_samples": 0,
  "best_target_balanced_accuracy": 0.9702380952380951,
  "best_target_common_accuracy": 0.9698795180722891
}