{
  "0": {
    "precision": 0.6666666666666666,
    "recall": 0.6666666666666666,
    "f1-score": 0.6666666666666666,
    "support": 9.0
  },
  "1": {
    "precision": 0.6153846153846154,
    "recall": 0.8,
    "f1-score": 0.6956521739130435,
    "support": 10.0
  },
  "2": {
    "precision": 0.9166666666666666,
    "recall": 0.5789473684210527,
    "f1-score": 0.7096774193548387,
    "support": 19.0
  },
  "3": {
    "precision": 0.5384615384615384,
    "recall": 0.8235294117647058,
    "f1-score": 0.6511627906976744,
    "support": 17.0
  },
  "4": {
    "precision": 0.6428571428571429,
    "recall": 0.47368421052631576,
    "f1-score": 0.5454545454545454,
    "support": 19.0
  },
  "accuracy": 0.6486486486486487,
  "macro avg": {
    "precision": 0.6760073260073259,
    "recall": 0.6685655314757483,
    "f1-score": 0.6537227192173537,
    "support": 74.0
  },
  "weighted avg": {
    "precision": 0.6883600633600633,
    "recall": 0.6486486486486487,
    "f1-score": 0.6469431961130973,
    "support": 74.0
  }
}