{
  "0": {
    "precision": 1.0,
    "recall": 0.2222222222222222,
    "f1-score": 0.3636363636363636,
    "support": 9.0
  },
  "1": {
    "precision": 0.0,
    "recall": 0.0,
    "f1-score": 0.0,
    "support": 10.0
  },
  "2": {
    "precision": 0.5,
    "recall": 0.8421052631578947,
    "f1-score": 0.6274509803921569,
    "support": 19.0
  },
  "3": {
    "precision": 0.4666666666666667,
    "recall": 0.8235294117647058,
    "f1-score": 0.5957446808510638,
    "support": 17.0
  },
  "4": {
    "precision": 0.4,
    "recall": 0.21052631578947367,
    "f1-score": 0.27586206896551724,
    "support": 19.0
  },
  "accuracy": 0.4864864864864865,
  "macro avg": {
    "precision": 0.47333333333333333,
    "recall": 0.4196766425868593,
    "f1-score": 0.3725388187690203,
    "support": 74.0
  },
  "weighted avg": {
    "precision": 0.4599099099099099,
    "recall": 0.4864864864864865,
    "f1-score": 0.4130180376350157,
    "support": 74.0
  }
}