{
  "mean_entropy": 1.5688575683413326,
  "mean_entropy_known": 1.5688575683413326,
  "mean_entropy_outlier": NaN,
  "mean_max_prob_known": 0.28391649714998296,
  "mean_max_prob_outlier": NaN
}