{
  "wall_time_sec": 99.65788865089417,
  "time_to_best_sec": 79.83223557472229,
  "best_epoch": 59,
  "transfer_mode": true,
  "num_target_samples": 155,
  "best_target_balanced_accuracy": 0.49843825249398,
  "best_target_common_accuracy": 0.5405405405405406
}