{
  "mean_entropy": 2.3013848265012107,
  "mean_entropy_known": 2.3013848265012107,
  "mean_entropy_outlier": NaN,
  "mean_max_prob_known": 0.10978968255221844,
  "mean_max_prob_outlier": NaN
}