{
  "0": {
    "precision": 1.0,
    "recall": 1.0,
    "f1-score": 1.0,
    "support": 24.0
  },
  "1": {
    "precision": 0.96,
    "recall": 1.0,
    "f1-score": 0.9795918367346939,
    "support": 24.0
  },
  "2": {
    "precision": 0.0,
    "recall": 0.0,
    "f1-score": 0.0,
    "support": 0.0
  },
  "3": {
    "precision": 1.0,
    "recall": 1.0,
    "f1-score": 1.0,
    "support": 24.0
  },
  "4": {
    "precision": 0.0,
    "recall": 0.0,
    "f1-score": 0.0,
    "support": 0.0
  },
  "5": {
    "precision": 1.0,
    "recall": 0.9565217391304348,
    "f1-score": 0.9777777777777777,
    "support": 23.0
  },
  "6": {
    "precision": 0.0,
    "recall": 0.0,
    "f1-score": 0.0,
    "support": 0.0
  },
  "7": {
    "precision": 0.0,
    "recall": 0.0,
    "f1-score": 0.0,
    "support": 0.0
  },
  "8": {
    "precision": 0.0,
    "recall": 0.0,
    "f1-score": 0.0,
    "support": 0.0
  },
  "micro avg": {
    "precision": 0.9894736842105263,
    "recall": 0.9894736842105263,
    "f1-score": 0.9894736842105263,
    "support": 95.0
  },
  "macro avg": {
    "precision": 0.44,
    "recall": 0.43961352657004826,
    "f1-score": 0.4397077349458302,
    "support": 95.0
  },
  "weighted avg": {
    "precision": 0.9898947368421052,
    "recall": 0.9894736842105263,
    "f1-score": 0.9894641365318055,
    "support": 95.0
  }
}