{
  "0": {
    "precision": 0.4460093896713615,
    "recall": 1.0,
    "f1-score": 0.6168831168831169,
    "support": 95.0
  },
  "1": {
    "precision": 0.0,
    "recall": 0.0,
    "f1-score": 0.0,
    "support": 95.0
  },
  "2": {
    "precision": 0.0,
    "recall": 0.0,
    "f1-score": 0.0,
    "support": 19.0
  },
  "3": {
    "precision": 0.0,
    "recall": 0.0,
    "f1-score": 0.0,
    "support": 0.0
  },
  "4": {
    "precision": 0.26666666666666666,
    "recall": 0.21052631578947367,
    "f1-score": 0.23529411764705882,
    "support": 19.0
  },
  "micro avg": {
    "precision": 0.4342105263157895,
    "recall": 0.4342105263157895,
    "f1-score": 0.4342105263157895,
    "support": 228.0
  },
  "macro avg": {
    "precision": 0.14253521126760563,
    "recall": 0.24210526315789474,
    "f1-score": 0.17043544690603513,
    "support": 228.0
  },
  "weighted avg": {
    "precision": 0.20805946791862284,
    "recall": 0.4342105263157895,
    "f1-score": 0.27664247517188695,
    "support": 228.0
  }
}