{
  "mean_entropy": 0.19986594159418977,
  "mean_entropy_known": 0.19986594159418977,
  "mean_entropy_outlier": NaN,
  "mean_max_prob_known": 0.9536434937464563,
  "mean_max_prob_outlier": NaN
}