{
  "0": {
    "precision": 0.7142857142857143,
    "recall": 1.0,
    "f1-score": 0.8333333333333333,
    "support": 5.0
  },
  "1": {
    "precision": 1.0,
    "recall": 0.8,
    "f1-score": 0.888888888888889,
    "support": 5.0
  },
  "2": {
    "precision": 0.0,
    "recall": 0.0,
    "f1-score": 0.0,
    "support": 1.0
  },
  "3": {
    "precision": 0.0,
    "recall": 0.0,
    "f1-score": 0.0,
    "support": 0.0
  },
  "4": {
    "precision": 0.0,
    "recall": 0.0,
    "f1-score": 0.0,
    "support": 1.0
  },
  "accuracy": 0.75,
  "macro avg": {
    "precision": 0.34285714285714286,
    "recall": 0.36,
    "f1-score": 0.34444444444444444,
    "support": 12.0
  },
  "weighted avg": {
    "precision": 0.7142857142857143,
    "recall": 0.75,
    "f1-score": 0.7175925925925926,
    "support": 12.0
  }
}