{
  "mean_entropy": 2.2791162927945456,
  "mean_entropy_known": 2.2791162927945456,
  "mean_entropy_outlier": NaN,
  "mean_max_prob_known": 0.13669302873313427,
  "mean_max_prob_outlier": NaN
}