{
  "0": {
    "precision": 0.0,
    "recall": 0.0,
    "f1-score": 0.0,
    "support": 48.0
  },
  "1": {
    "precision": 0.92,
    "recall": 1.0,
    "f1-score": 0.9583333333333334,
    "support": 23.0
  },
  "2": {
    "precision": 0.71875,
    "recall": 0.9583333333333334,
    "f1-score": 0.8214285714285714,
    "support": 24.0
  },
  "3": {
    "precision": 0.8695652173913043,
    "recall": 0.8333333333333334,
    "f1-score": 0.851063829787234,
    "support": 24.0
  },
  "4": {
    "precision": 0.2835820895522388,
    "recall": 0.7916666666666666,
    "f1-score": 0.41758241758241754,
    "support": 24.0
  },
  "5": {
    "precision": 0.0,
    "recall": 0.0,
    "f1-score": 0.0,
    "support": 23.0
  },
  "6": {
    "precision": 1.0,
    "recall": 1.0,
    "f1-score": 1.0,
    "support": 24.0
  },
  "7": {
    "precision": 0.41025641025641024,
    "recall": 0.6666666666666666,
    "f1-score": 0.5079365079365079,
    "support": 24.0
  },
  "8": {
    "precision": 0.8571428571428571,
    "recall": 1.0,
    "f1-score": 0.923076923076923,
    "support": 24.0
  },
  "accuracy": 0.6260504201680672,
  "macro avg": {
    "precision": 0.5621440638158677,
    "recall": 0.6944444444444444,
    "f1-score": 0.6088246203494431,
    "support": 238.0
  },
  "weighted avg": {
    "precision": 0.5063156209421321,
    "recall": 0.6260504201680672,
    "f1-score": 0.5485201036224637,
    "support": 238.0
  }
}