{
  "mean_entropy": 2.0609880685806274,
  "mean_entropy_known": 2.0609880685806274,
  "mean_entropy_outlier": NaN,
  "mean_max_prob_known": 0.28633512929081917,
  "mean_max_prob_outlier": NaN
}