split,index,label,pred,max_prob,entropy,is_outlier
target_val,0,0,0,0.2535226047039032,2.0119950771331787,False
target_val,1,0,0,0.2956509292125702,2.1188204288482666,False
target_val,2,0,0,0.24840591847896576,2.1830098628997803,False
target_val,3,0,0,0.3477610647678375,1.9301269054412842,False
