{
  "0": {
    "precision": 0.6153846153846154,
    "recall": 1.0,
    "f1-score": 0.761904761904762,
    "support": 8.0
  },
  "1": {
    "precision": 0.8,
    "recall": 0.8,
    "f1-score": 0.8000000000000002,
    "support": 10.0
  },
  "2": {
    "precision": 0.8666666666666667,
    "recall": 0.8125,
    "f1-score": 0.8387096774193549,
    "support": 16.0
  },
  "3": {
    "precision": 0.6111111111111112,
    "recall": 0.7857142857142857,
    "f1-score": 0.6875000000000001,
    "support": 14.0
  },
  "4": {
    "precision": 0.875,
    "recall": 0.4375,
    "f1-score": 0.5833333333333334,
    "support": 16.0
  },
  "accuracy": 0.734375,
  "macro avg": {
    "precision": 0.7536324786324786,
    "recall": 0.7671428571428571,
    "f1-score": 0.7342895545314901,
    "support": 64.0
  },
  "weighted avg": {
    "precision": 0.7710202991452992,
    "recall": 0.734375,
    "f1-score": 0.7261394729262673,
    "support": 64.0
  }
}