{
  "mean_entropy": 0.874471108118693,
  "mean_entropy_known": 0.874471108118693,
  "mean_entropy_outlier": NaN,
  "mean_max_prob_known": 0.695373093088468,
  "mean_max_prob_outlier": NaN
}