{
  "wall_time_sec": 7.571320056915283,
  "time_to_best_sec": 0.06895828247070312,
  "best_epoch": 0,
  "transfer_mode": true,
  "num_target_samples": 41,
  "best_target_balanced_accuracy": 0.25,
  "best_target_common_accuracy": 0.4166666666666667
}