{
  "mean_entropy": 1.576886643966039,
  "mean_entropy_known": 1.576886643966039,
  "mean_entropy_outlier": NaN,
  "mean_max_prob_known": 0.2850162809093793,
  "mean_max_prob_outlier": NaN
}