{
  "mean_entropy": 1.8793173840171413,
  "mean_entropy_known": 1.8569173316160839,
  "mean_entropy_outlier": 1.9021940332777956,
  "mean_max_prob_known": 0.3657709627101819,
  "mean_max_prob_outlier": 0.31386019352902755
}