{
  "mean_entropy": 2.211838960647583,
  "mean_entropy_known": 2.211838960647583,
  "mean_entropy_outlier": NaN,
  "mean_max_prob_known": 0.15456530451774597,
  "mean_max_prob_outlier": NaN
}