split,index,label,pred,max_prob,entropy,is_outlier
target_val,0,0,3,0.25736838579177856,1.589718222618103,False
target_val,1,0,3,0.26903268694877625,1.5800604820251465,False
target_val,2,0,3,0.25927039980888367,1.587552547454834,False
target_val,3,0,3,0.23254786431789398,1.6015536785125732,False
