{
  "0": {
    "precision": 1.0,
    "recall": 1.0,
    "f1-score": 1.0,
    "support": 24.0
  },
  "1": {
    "precision": 0.8181818181818182,
    "recall": 0.782608695652174,
    "f1-score": 0.8,
    "support": 23.0
  },
  "2": {
    "precision": 1.0,
    "recall": 1.0,
    "f1-score": 1.0,
    "support": 24.0
  },
  "3": {
    "precision": 1.0,
    "recall": 1.0,
    "f1-score": 1.0,
    "support": 24.0
  },
  "4": {
    "precision": 1.0,
    "recall": 1.0,
    "f1-score": 1.0,
    "support": 24.0
  },
  "5": {
    "precision": 0.7916666666666666,
    "recall": 0.8260869565217391,
    "f1-score": 0.8085106382978724,
    "support": 23.0
  },
  "6": {
    "precision": 1.0,
    "recall": 1.0,
    "f1-score": 1.0,
    "support": 24.0
  },
  "7": {
    "precision": 0.0,
    "recall": 0.0,
    "f1-score": 0.0,
    "support": 0.0
  },
  "8": {
    "precision": 0.0,
    "recall": 0.0,
    "f1-score": 0.0,
    "support": 0.0
  },
  "micro avg": {
    "precision": 0.9457831325301205,
    "recall": 0.9457831325301205,
    "f1-score": 0.9457831325301205,
    "support": 166.0
  },
  "macro avg": {
    "precision": 0.7344276094276094,
    "recall": 0.7342995169082126,
    "f1-score": 0.7342789598108747,
    "support": 166.0
  },
  "weighted avg": {
    "precision": 0.9459428623585249,
    "recall": 0.9457831325301205,
    "f1-score": 0.9457574980774162,
    "support": 166.0
  }
}