{
  "mean_entropy": 2.1654579738775888,
  "mean_entropy_known": 2.1654579738775888,
  "mean_entropy_outlier": NaN,
  "mean_max_prob_known": 0.1916956938803196,
  "mean_max_prob_outlier": NaN
}