{
  "wall_time_sec": 1.44661283493042,
  "time_to_best_sec": 1.1943609714508057,
  "best_epoch": 41,
  "transfer_mode": false,
  "num_target_samples": 0,
  "best_target_balanced_accuracy": 0.7118403852769178,
  "best_target_common_accuracy": 0.6891891891891891
}