{
  "0": {
    "precision": 0.125,
    "recall": 1.0,
    "f1-score": 0.2222222222222222,
    "support": 152.0
  },
  "1": {
    "precision": 0.0,
    "recall": 0.0,
    "f1-score": 0.0,
    "support": 190.0
  },
  "2": {
    "precision": 0.0,
    "recall": 0.0,
    "f1-score": 0.0,
    "support": 304.0
  },
  "3": {
    "precision": 0.0,
    "recall": 0.0,
    "f1-score": 0.0,
    "support": 266.0
  },
  "4": {
    "precision": 0.0,
    "recall": 0.0,
    "f1-score": 0.0,
    "support": 304.0
  },
  "accuracy": 0.125,
  "macro avg": {
    "precision": 0.025,
    "recall": 0.2,
    "f1-score": 0.04444444444444444,
    "support": 1216.0
  },
  "weighted avg": {
    "precision": 0.015625,
    "recall": 0.125,
    "f1-score": 0.02777777777777778,
    "support": 1216.0
  }
}