{
  "wall_time_sec": 7.560091257095337,
  "time_to_best_sec": 0.0961310863494873,
  "best_epoch": 0,
  "transfer_mode": true,
  "num_target_samples": 779,
  "best_target_balanced_accuracy": 0.25,
  "best_target_common_accuracy": 0.4166666666666667
}