{
  "0": {
    "precision": 0.4,
    "recall": 0.4444444444444444,
    "f1-score": 0.4210526315789474,
    "support": 9.0
  },
  "1": {
    "precision": 0.7777777777777778,
    "recall": 0.7,
    "f1-score": 0.7368421052631577,
    "support": 10.0
  },
  "2": {
    "precision": 0.7619047619047619,
    "recall": 0.8421052631578947,
    "f1-score": 0.8,
    "support": 19.0
  },
  "3": {
    "precision": 0.8888888888888888,
    "recall": 0.47058823529411764,
    "f1-score": 0.6153846153846153,
    "support": 17.0
  },
  "4": {
    "precision": 0.56,
    "recall": 0.7368421052631579,
    "f1-score": 0.6363636363636364,
    "support": 19.0
  },
  "accuracy": 0.6621621621621622,
  "macro avg": {
    "precision": 0.6777142857142857,
    "recall": 0.638796009631923,
    "f1-score": 0.6419285977180713,
    "support": 74.0
  },
  "weighted avg": {
    "precision": 0.6973659373659373,
    "recall": 0.6621621621621622,
    "f1-score": 0.6609505714768873,
    "support": 74.0
  }
}