{
  "mean_entropy": 1.3349453347760278,
  "mean_entropy_known": 1.3349453347760278,
  "mean_entropy_outlier": NaN,
  "mean_max_prob_known": 0.45314458616682,
  "mean_max_prob_outlier": NaN
}