{
  "0": {
    "precision": 0.0,
    "recall": 0.0,
    "f1-score": 0.0,
    "support": 152.0
  },
  "1": {
    "precision": 0.0,
    "recall": 0.0,
    "f1-score": 0.0,
    "support": 190.0
  },
  "2": {
    "precision": 0.0,
    "recall": 0.0,
    "f1-score": 0.0,
    "support": 304.0
  },
  "3": {
    "precision": 0.21875,
    "recall": 1.0,
    "f1-score": 0.358974358974359,
    "support": 266.0
  },
  "4": {
    "precision": 0.0,
    "recall": 0.0,
    "f1-score": 0.0,
    "support": 304.0
  },
  "accuracy": 0.21875,
  "macro avg": {
    "precision": 0.04375,
    "recall": 0.2,
    "f1-score": 0.07179487179487179,
    "support": 1216.0
  },
  "weighted avg": {
    "precision": 0.0478515625,
    "recall": 0.21875,
    "f1-score": 0.07852564102564102,
    "support": 1216.0
  }
}