{
  "mean_entropy": 1.6094378232955933,
  "mean_entropy_known": 1.6094378232955933,
  "mean_entropy_outlier": NaN,
  "mean_max_prob_known": 0.2000943422317505,
  "mean_max_prob_outlier": NaN
}