split,index,label,pred,max_prob,entropy,is_outlier
target_val,0,0,0,0.4197564125061035,1.6559432744979858,False
target_val,1,0,0,0.37473389506340027,1.5489004850387573,False
target_val,2,0,0,0.35017329454421997,1.7015831470489502,False
target_val,3,0,0,0.3080575466156006,1.8511240482330322,False
