{
  "mean_entropy": 1.6893877387046814,
  "mean_entropy_known": 1.6893877387046814,
  "mean_entropy_outlier": NaN,
  "mean_max_prob_known": 0.3631802871823311,
  "mean_max_prob_outlier": NaN
}