{
  "mean_entropy": 1.603057712316513,
  "mean_entropy_known": 1.603057712316513,
  "mean_entropy_outlier": NaN,
  "mean_max_prob_known": 0.22610120102763176,
  "mean_max_prob_outlier": NaN
}