split,index,label,pred,max_prob,entropy,is_outlier
target_val,0,0,3,0.22825287282466888,1.6030300855636597,False
target_val,1,0,3,0.2403680980205536,1.5982211828231812,False
target_val,2,0,3,0.2202036827802658,1.6044296026229858,False
target_val,3,0,3,0.21558015048503876,1.6065499782562256,False
