{
  "0": {
    "precision": 0.6666666666666666,
    "recall": 0.2222222222222222,
    "f1-score": 0.3333333333333333,
    "support": 9.0
  },
  "1": {
    "precision": 0.2916666666666667,
    "recall": 0.7,
    "f1-score": 0.4117647058823529,
    "support": 10.0
  },
  "2": {
    "precision": 0.5555555555555556,
    "recall": 0.5263157894736842,
    "f1-score": 0.5405405405405405,
    "support": 19.0
  },
  "3": {
    "precision": 0.5,
    "recall": 0.7647058823529411,
    "f1-score": 0.6046511627906976,
    "support": 17.0
  },
  "4": {
    "precision": 0.6666666666666666,
    "recall": 0.10526315789473684,
    "f1-score": 0.18181818181818182,
    "support": 19.0
  },
  "accuracy": 0.4594594594594595,
  "macro avg": {
    "precision": 0.5361111111111111,
    "recall": 0.4637014103887169,
    "f1-score": 0.4144215848730212,
    "support": 74.0
  },
  "weighted avg": {
    "precision": 0.5491741741741741,
    "recall": 0.4594594594594595,
    "f1-score": 0.42056125069028527,
    "support": 74.0
  }
}