{
  "mean_entropy": 1.2307902562457163,
  "mean_entropy_known": 1.2307902562457163,
  "mean_entropy_outlier": NaN,
  "mean_max_prob_known": 0.4660527859185193,
  "mean_max_prob_outlier": NaN
}