{
  "wall_time_sec": 98.53284025192261,
  "time_to_best_sec": 72.97583723068237,
  "best_epoch": 36,
  "transfer_mode": false,
  "num_target_samples": 0,
  "best_target_balanced_accuracy": 0.9880952380952381,
  "best_target_common_accuracy": 0.9915611814345991
}