{
  "wall_time_sec": 241.03834629058838,
  "time_to_best_sec": 112.76981520652771,
  "best_epoch": 29,
  "transfer_mode": true,
  "num_target_samples": 1139,
  "best_target_balanced_accuracy": 0.9863326795248992,
  "best_target_common_accuracy": 0.9873417721518988
}