{
  "0": {
    "precision": 0.17647058823529413,
    "recall": 0.75,
    "f1-score": 0.2857142857142857,
    "support": 8.0
  },
  "1": {
    "precision": 0.11764705882352941,
    "recall": 0.2,
    "f1-score": 0.14814814814814817,
    "support": 10.0
  },
  "2": {
    "precision": 0.0,
    "recall": 0.0,
    "f1-score": 0.0,
    "support": 16.0
  },
  "3": {
    "precision": 0.46153846153846156,
    "recall": 0.42857142857142855,
    "f1-score": 0.4444444444444445,
    "support": 14.0
  },
  "4": {
    "precision": 0.0,
    "recall": 0.0,
    "f1-score": 0.0,
    "support": 16.0
  },
  "accuracy": 0.21875,
  "macro avg": {
    "precision": 0.151131221719457,
    "recall": 0.2757142857142857,
    "f1-score": 0.17566137566137568,
    "support": 64.0
  },
  "weighted avg": {
    "precision": 0.1414027149321267,
    "recall": 0.21875,
    "f1-score": 0.1560846560846561,
    "support": 64.0
  }
}