{
  "mean_entropy": 1.5815525949001312,
  "mean_entropy_known": 1.5815525949001312,
  "mean_entropy_outlier": NaN,
  "mean_max_prob_known": 0.2676417777935664,
  "mean_max_prob_outlier": NaN
}