{
  "wall_time_sec": 44.533257246017456,
  "time_to_best_sec": 42.47237825393677,
  "best_epoch": 62,
  "transfer_mode": true,
  "num_target_samples": 41,
  "best_target_balanced_accuracy": 0.25,
  "best_target_common_accuracy": 0.08333333333333333
}