{
  "mean_entropy": 1.6081891059875488,
  "mean_entropy_known": 1.6081891059875488,
  "mean_entropy_outlier": NaN,
  "mean_max_prob_known": 0.2100058471163114,
  "mean_max_prob_outlier": NaN
}