{
  "mean_entropy": 1.593868245158279,
  "mean_entropy_known": 1.593868245158279,
  "mean_entropy_outlier": NaN,
  "mean_max_prob_known": 0.26762619222465317,
  "mean_max_prob_outlier": NaN
}