{
  "0": {
    "precision": 0.8333333333333334,
    "recall": 0.625,
    "f1-score": 0.7142857142857143,
    "support": 8.0
  },
  "1": {
    "precision": 0.5,
    "recall": 0.5,
    "f1-score": 0.5,
    "support": 10.0
  },
  "2": {
    "precision": 0.7368421052631579,
    "recall": 0.875,
    "f1-score": 0.7999999999999999,
    "support": 16.0
  },
  "3": {
    "precision": 0.48148148148148145,
    "recall": 0.9285714285714286,
    "f1-score": 0.6341463414634146,
    "support": 14.0
  },
  "4": {
    "precision": 0.5,
    "recall": 0.0625,
    "f1-score": 0.1111111111111111,
    "support": 16.0
  },
  "accuracy": 0.59375,
  "macro avg": {
    "precision": 0.6103313840155946,
    "recall": 0.5982142857142858,
    "f1-score": 0.551908633372048,
    "support": 64.0
  },
  "weighted avg": {
    "precision": 0.5968262670565302,
    "recall": 0.59375,
    "f1-score": 0.5339080042586141,
    "support": 64.0
  }
}