split,index,label,pred,max_prob,entropy,is_outlier
target_val,0,3,3,0.5345665812492371,0.9713079333305359,False
target_val,1,3,3,0.5635524392127991,0.9685042500495911,False
target_val,2,3,3,0.5375634431838989,0.9773278832435608,False
