{
  "mean_entropy": 0.9723800222078959,
  "mean_entropy_known": 0.9723800222078959,
  "mean_entropy_outlier": NaN,
  "mean_max_prob_known": 0.5452274878819784,
  "mean_max_prob_outlier": NaN
}