{
  "0": {
    "precision": 0.3181818181818182,
    "recall": 0.875,
    "f1-score": 0.4666666666666667,
    "support": 8.0
  },
  "1": {
    "precision": 0.2962962962962963,
    "recall": 0.8,
    "f1-score": 0.43243243243243246,
    "support": 10.0
  },
  "2": {
    "precision": 0.0,
    "recall": 0.0,
    "f1-score": 0.0,
    "support": 16.0
  },
  "3": {
    "precision": 0.7777777777777778,
    "recall": 0.5,
    "f1-score": 0.6086956521739131,
    "support": 14.0
  },
  "4": {
    "precision": 0.6666666666666666,
    "recall": 0.25,
    "f1-score": 0.36363636363636365,
    "support": 16.0
  },
  "accuracy": 0.40625,
  "macro avg": {
    "precision": 0.41178451178451175,
    "recall": 0.485,
    "f1-score": 0.3742862229818752,
    "support": 64.0
  },
  "weighted avg": {
    "precision": 0.42287457912457915,
    "recall": 0.40625,
    "f1-score": 0.3499621657230353,
    "support": 64.0
  }
}