{
  "0": {
    "precision": 1.0,
    "recall": 1.0,
    "f1-score": 1.0,
    "support": 95.0
  },
  "1": {
    "precision": 1.0,
    "recall": 0.875,
    "f1-score": 0.9333333333333333,
    "support": 24.0
  },
  "2": {
    "precision": 1.0,
    "recall": 0.5833333333333334,
    "f1-score": 0.7368421052631579,
    "support": 24.0
  },
  "3": {
    "precision": 1.0,
    "recall": 1.0,
    "f1-score": 1.0,
    "support": 24.0
  },
  "4": {
    "precision": 0.6486486486486487,
    "recall": 1.0,
    "f1-score": 0.7868852459016393,
    "support": 24.0
  },
  "5": {
    "precision": 0.0,
    "recall": 0.0,
    "f1-score": 0.0,
    "support": 0.0
  },
  "6": {
    "precision": 0.0,
    "recall": 0.0,
    "f1-score": 0.0,
    "support": 0.0
  },
  "7": {
    "precision": 0.0,
    "recall": 0.0,
    "f1-score": 0.0,
    "support": 0.0
  },
  "8": {
    "precision": 0.0,
    "recall": 0.0,
    "f1-score": 0.0,
    "support": 0.0
  },
  "micro avg": {
    "precision": 0.9319371727748691,
    "recall": 0.9319371727748691,
    "f1-score": 0.9319371727748691,
    "support": 191.0
  },
  "macro avg": {
    "precision": 0.5165165165165165,
    "recall": 0.49537037037037046,
    "f1-score": 0.49522896494423674,
    "support": 191.0
  },
  "weighted avg": {
    "precision": 0.9558511390972124,
    "recall": 0.9319371727748691,
    "f1-score": 0.9317772587851053,
    "support": 191.0
  }
}