{
  "0": {
    "precision": 1.0,
    "recall": 0.25,
    "f1-score": 0.4,
    "support": 8.0
  },
  "1": {
    "precision": 0.3333333333333333,
    "recall": 0.4,
    "f1-score": 0.3636363636363636,
    "support": 10.0
  },
  "2": {
    "precision": 0.5882352941176471,
    "recall": 0.625,
    "f1-score": 0.6060606060606061,
    "support": 16.0
  },
  "3": {
    "precision": 0.391304347826087,
    "recall": 0.6428571428571429,
    "f1-score": 0.4864864864864865,
    "support": 14.0
  },
  "4": {
    "precision": 0.6,
    "recall": 0.375,
    "f1-score": 0.4615384615384615,
    "support": 16.0
  },
  "accuracy": 0.484375,
  "macro avg": {
    "precision": 0.5825745950554134,
    "recall": 0.4585714285714285,
    "f1-score": 0.46354438354438354,
    "support": 64.0
  },
  "weighted avg": {
    "precision": 0.5597399829497016,
    "recall": 0.484375,
    "f1-score": 0.4801368676368676,
    "support": 64.0
  }
}