{
  "mean_entropy": 1.4435813824335735,
  "mean_entropy_known": 1.4435813824335735,
  "mean_entropy_outlier": NaN,
  "mean_max_prob_known": 0.3117254972457886,
  "mean_max_prob_outlier": NaN
}