split,index,label,pred,max_prob,entropy,is_outlier
target_val,0,3,3,0.321654349565506,1.4392266273498535,False
target_val,1,3,4,0.30309396982192993,1.4463205337524414,False
target_val,2,3,3,0.3104281723499298,1.4451969861984253,False
