{
  "0": {
    "precision": 0.875,
    "recall": 0.7777777777777778,
    "f1-score": 0.823529411764706,
    "support": 9.0
  },
  "1": {
    "precision": 0.6153846153846154,
    "recall": 0.8,
    "f1-score": 0.6956521739130435,
    "support": 10.0
  },
  "2": {
    "precision": 0.9444444444444444,
    "recall": 0.8947368421052632,
    "f1-score": 0.918918918918919,
    "support": 19.0
  },
  "3": {
    "precision": 0.8888888888888888,
    "recall": 0.47058823529411764,
    "f1-score": 0.6153846153846153,
    "support": 17.0
  },
  "4": {
    "precision": 0.6538461538461539,
    "recall": 0.8947368421052632,
    "f1-score": 0.7555555555555555,
    "support": 19.0
  },
  "accuracy": 0.7702702702702703,
  "macro avg": {
    "precision": 0.7955128205128205,
    "recall": 0.7675679394564845,
    "f1-score": 0.7618081351073679,
    "support": 74.0
  },
  "weighted avg": {
    "precision": 0.8041551166551165,
    "recall": 0.7702702702702703,
    "f1-score": 0.7654708097508954,
    "support": 74.0
  }
}