{
  "mean_entropy": 0.8188055927997551,
  "mean_entropy_known": 0.8188055927997551,
  "mean_entropy_outlier": NaN,
  "mean_max_prob_known": 0.6716467564975893,
  "mean_max_prob_outlier": NaN
}