{
  "0": {
    "precision": 0.0,
    "recall": 0.0,
    "f1-score": 0.0,
    "support": 8.0
  },
  "1": {
    "precision": 0.17777777777777778,
    "recall": 0.8,
    "f1-score": 0.2909090909090909,
    "support": 10.0
  },
  "2": {
    "precision": 0.0,
    "recall": 0.0,
    "f1-score": 0.0,
    "support": 16.0
  },
  "3": {
    "precision": 0.3157894736842105,
    "recall": 0.42857142857142855,
    "f1-score": 0.36363636363636365,
    "support": 14.0
  },
  "4": {
    "precision": 0.0,
    "recall": 0.0,
    "f1-score": 0.0,
    "support": 16.0
  },
  "accuracy": 0.21875,
  "macro avg": {
    "precision": 0.09871345029239767,
    "recall": 0.24571428571428572,
    "f1-score": 0.13090909090909092,
    "support": 64.0
  },
  "weighted avg": {
    "precision": 0.09685672514619882,
    "recall": 0.21875,
    "f1-score": 0.125,
    "support": 64.0
  }
}