split,index,label,pred,max_prob,entropy,is_outlier
target_val,0,3,3,0.3034816384315491,1.5676108598709106,False
target_val,1,3,3,0.30422523617744446,1.5671634674072266,False
target_val,2,3,3,0.30397874116897583,1.5673255920410156,False
