{
  "mean_entropy": 1.567366639773051,
  "mean_entropy_known": 1.567366639773051,
  "mean_entropy_outlier": NaN,
  "mean_max_prob_known": 0.3038952052593231,
  "mean_max_prob_outlier": NaN
}