{
  "mean_entropy": 1.605236182610194,
  "mean_entropy_known": 1.605236182610194,
  "mean_entropy_outlier": NaN,
  "mean_max_prob_known": 0.22450079893072447,
  "mean_max_prob_outlier": NaN
}