{
  "0": {
    "precision": 1.0,
    "recall": 1.0,
    "f1-score": 1.0,
    "support": 8.0
  },
  "1": {
    "precision": 0.6923076923076923,
    "recall": 0.9,
    "f1-score": 0.7826086956521738,
    "support": 10.0
  },
  "2": {
    "precision": 1.0,
    "recall": 0.6875,
    "f1-score": 0.8148148148148148,
    "support": 16.0
  },
  "3": {
    "precision": 0.9,
    "recall": 0.6428571428571429,
    "f1-score": 0.75,
    "support": 14.0
  },
  "4": {
    "precision": 0.6818181818181818,
    "recall": 0.9375,
    "f1-score": 0.7894736842105263,
    "support": 16.0
  },
  "accuracy": 0.8125,
  "macro avg": {
    "precision": 0.854825174825175,
    "recall": 0.8335714285714285,
    "f1-score": 0.827379438935503,
    "support": 64.0
  },
  "weighted avg": {
    "precision": 0.8505026223776223,
    "recall": 0.8125,
    "f1-score": 0.8124172334519875,
    "support": 64.0
  }
}