{
  "0": {
    "precision": 0.28,
    "recall": 0.875,
    "f1-score": 0.42424242424242425,
    "support": 8.0
  },
  "1": {
    "precision": 0.4166666666666667,
    "recall": 0.5,
    "f1-score": 0.45454545454545453,
    "support": 10.0
  },
  "2": {
    "precision": 0.6,
    "recall": 0.5625,
    "f1-score": 0.5806451612903225,
    "support": 16.0
  },
  "3": {
    "precision": 0.7,
    "recall": 0.5,
    "f1-score": 0.5833333333333334,
    "support": 14.0
  },
  "4": {
    "precision": 1.0,
    "recall": 0.125,
    "f1-score": 0.2222222222222222,
    "support": 16.0
  },
  "accuracy": 0.46875,
  "macro avg": {
    "precision": 0.5993333333333334,
    "recall": 0.5125,
    "f1-score": 0.45299771912675146,
    "support": 64.0
  },
  "weighted avg": {
    "precision": 0.6532291666666666,
    "recall": 0.46875,
    "f1-score": 0.4523740428478331,
    "support": 64.0
  }
}