split,index,label,pred,max_prob,entropy,is_outlier
target_val,0,3,1,0.7227933406829834,0.9051469564437866,False
target_val,1,3,1,0.7379001975059509,0.8731623888015747,False
target_val,2,3,1,0.7399817109107971,0.8698033094406128,False
