{
  "mean_entropy": 0.8827042182286581,
  "mean_entropy_known": 0.8827042182286581,
  "mean_entropy_outlier": NaN,
  "mean_max_prob_known": 0.7335584163665771,
  "mean_max_prob_outlier": NaN
}