{
  "0": {
    "precision": 0.3333333333333333,
    "recall": 0.2222222222222222,
    "f1-score": 0.26666666666666666,
    "support": 9.0
  },
  "1": {
    "precision": 0.4444444444444444,
    "recall": 0.8,
    "f1-score": 0.5714285714285714,
    "support": 10.0
  },
  "2": {
    "precision": 0.5882352941176471,
    "recall": 0.5263157894736842,
    "f1-score": 0.5555555555555555,
    "support": 19.0
  },
  "3": {
    "precision": 0.4642857142857143,
    "recall": 0.7647058823529411,
    "f1-score": 0.5777777777777777,
    "support": 17.0
  },
  "4": {
    "precision": 0.8,
    "recall": 0.21052631578947367,
    "f1-score": 0.3333333333333333,
    "support": 19.0
  },
  "accuracy": 0.5,
  "macro avg": {
    "precision": 0.5260597572362279,
    "recall": 0.5047540419676642,
    "f1-score": 0.4609523809523809,
    "support": 74.0
  },
  "weighted avg": {
    "precision": 0.5636996239937416,
    "recall": 0.5,
    "f1-score": 0.4706134706134706,
    "support": 74.0
  }
}