{
  "mean_entropy": 1.3518868153159682,
  "mean_entropy_known": 1.3518868153159682,
  "mean_entropy_outlier": NaN,
  "mean_max_prob_known": 0.4405605108351321,
  "mean_max_prob_outlier": NaN
}