{
  "0": {
    "precision": 1.0,
    "recall": 0.2916666666666667,
    "f1-score": 0.45161290322580644,
    "support": 24.0
  },
  "1": {
    "precision": 1.0,
    "recall": 0.6086956521739131,
    "f1-score": 0.7567567567567568,
    "support": 23.0
  },
  "2": {
    "precision": 0.0,
    "recall": 0.0,
    "f1-score": 0.0,
    "support": 24.0
  },
  "3": {
    "precision": 1.0,
    "recall": 0.20833333333333334,
    "f1-score": 0.3448275862068966,
    "support": 24.0
  },
  "4": {
    "precision": 0.0,
    "recall": 0.0,
    "f1-score": 0.0,
    "support": 24.0
  },
  "5": {
    "precision": 0.6285714285714286,
    "recall": 0.9565217391304348,
    "f1-score": 0.7586206896551724,
    "support": 23.0
  },
  "6": {
    "precision": 0.2857142857142857,
    "recall": 1.0,
    "f1-score": 0.4444444444444445,
    "support": 24.0
  },
  "7": {
    "precision": 0.0,
    "recall": 0.0,
    "f1-score": 0.0,
    "support": 0.0
  },
  "8": {
    "precision": 0.0,
    "recall": 0.0,
    "f1-score": 0.0,
    "support": 0.0
  },
  "micro avg": {
    "precision": 0.43373493975903615,
    "recall": 0.43373493975903615,
    "f1-score": 0.43373493975903615,
    "support": 166.0
  },
  "macro avg": {
    "precision": 0.43492063492063493,
    "recall": 0.3405797101449275,
    "f1-score": 0.3062513755876752,
    "support": 166.0
  },
  "weighted avg": {
    "precision": 0.5561101549053357,
    "recall": 0.43373493975903615,
    "f1-score": 0.38936698602726455,
    "support": 166.0
  }
}