{
  "0": {
    "precision": 0.8333333333333334,
    "recall": 1.0,
    "f1-score": 0.9090909090909091,
    "support": 5.0
  },
  "1": {
    "precision": 1.0,
    "recall": 1.0,
    "f1-score": 1.0,
    "support": 5.0
  },
  "2": {
    "precision": 0.0,
    "recall": 0.0,
    "f1-score": 0.0,
    "support": 1.0
  },
  "3": {
    "precision": 0.0,
    "recall": 0.0,
    "f1-score": 0.0,
    "support": 0.0
  },
  "4": {
    "precision": 0.0,
    "recall": 0.0,
    "f1-score": 0.0,
    "support": 1.0
  },
  "accuracy": 0.8333333333333334,
  "macro avg": {
    "precision": 0.3666666666666667,
    "recall": 0.4,
    "f1-score": 0.38181818181818183,
    "support": 12.0
  },
  "weighted avg": {
    "precision": 0.763888888888889,
    "recall": 0.8333333333333334,
    "f1-score": 0.7954545454545454,
    "support": 12.0
  }
}