{
  "mean_entropy": 2.2787532409032187,
  "mean_entropy_known": 2.2787532409032187,
  "mean_entropy_outlier": NaN,
  "mean_max_prob_known": 0.13629291454950967,
  "mean_max_prob_outlier": NaN
}