{
  "wall_time_sec": 5.4799816608428955,
  "time_to_best_sec": 4.252065658569336,
  "best_epoch": 58,
  "transfer_mode": true,
  "num_target_samples": 41,
  "best_target_balanced_accuracy": 0.5,
  "best_target_common_accuracy": 0.8333333333333334
}