{
  "0": {
    "precision": 0.0,
    "recall": 0.0,
    "f1-score": 0.0,
    "support": 5.0
  },
  "1": {
    "precision": 0.0,
    "recall": 0.0,
    "f1-score": 0.0,
    "support": 5.0
  },
  "2": {
    "precision": 0.0,
    "recall": 0.0,
    "f1-score": 0.0,
    "support": 1.0
  },
  "3": {
    "precision": 0.0,
    "recall": 0.0,
    "f1-score": 0.0,
    "support": 0.0
  },
  "4": {
    "precision": 0.09090909090909091,
    "recall": 1.0,
    "f1-score": 0.16666666666666669,
    "support": 1.0
  },
  "accuracy": 0.08333333333333333,
  "macro avg": {
    "precision": 0.01818181818181818,
    "recall": 0.2,
    "f1-score": 0.03333333333333334,
    "support": 12.0
  },
  "weighted avg": {
    "precision": 0.007575757575757576,
    "recall": 0.08333333333333333,
    "f1-score": 0.01388888888888889,
    "support": 12.0
  }
}