{
  "mean_entropy": 1.6064609289169312,
  "mean_entropy_known": 1.6064609289169312,
  "mean_entropy_outlier": NaN,
  "mean_max_prob_known": 0.21918907761573792,
  "mean_max_prob_outlier": NaN
}