{
  "0": {
    "precision": 0.3333333333333333,
    "recall": 0.2222222222222222,
    "f1-score": 0.26666666666666666,
    "support": 9.0
  },
  "1": {
    "precision": 0.16666666666666666,
    "recall": 1.0,
    "f1-score": 0.2857142857142857,
    "support": 10.0
  },
  "2": {
    "precision": 0.42857142857142855,
    "recall": 0.15789473684210525,
    "f1-score": 0.23076923076923078,
    "support": 19.0
  },
  "3": {
    "precision": 1.0,
    "recall": 0.058823529411764705,
    "f1-score": 0.1111111111111111,
    "support": 17.0
  },
  "4": {
    "precision": 0.0,
    "recall": 0.0,
    "f1-score": 0.0,
    "support": 19.0
  },
  "accuracy": 0.21621621621621623,
  "macro avg": {
    "precision": 0.38571428571428573,
    "recall": 0.28778809769521846,
    "f1-score": 0.1788522588522589,
    "support": 74.0
  },
  "weighted avg": {
    "precision": 0.40283140283140284,
    "recall": 0.21621621621621623,
    "f1-score": 0.1558195558195558,
    "support": 74.0
  }
}