{
  "mean_entropy": 1.5247912535796295,
  "mean_entropy_known": 1.5247912535796295,
  "mean_entropy_outlier": NaN,
  "mean_max_prob_known": 0.3278144130835662,
  "mean_max_prob_outlier": NaN
}