{
  "0": {
    "precision": 1.0,
    "recall": 0.2,
    "f1-score": 0.33333333333333337,
    "support": 5.0
  },
  "1": {
    "precision": 0.0,
    "recall": 0.0,
    "f1-score": 0.0,
    "support": 5.0
  },
  "2": {
    "precision": 0.0,
    "recall": 0.0,
    "f1-score": 0.0,
    "support": 1.0
  },
  "3": {
    "precision": 0.0,
    "recall": 0.0,
    "f1-score": 0.0,
    "support": 0.0
  },
  "4": {
    "precision": 0.125,
    "recall": 1.0,
    "f1-score": 0.2222222222222222,
    "support": 1.0
  },
  "accuracy": 0.16666666666666666,
  "macro avg": {
    "precision": 0.225,
    "recall": 0.24,
    "f1-score": 0.11111111111111112,
    "support": 12.0
  },
  "weighted avg": {
    "precision": 0.4270833333333333,
    "recall": 0.16666666666666666,
    "f1-score": 0.15740740740740744,
    "support": 12.0
  }
}