{
  "mean_entropy": 1.5971112235596305,
  "mean_entropy_known": 1.5971112235596305,
  "mean_entropy_outlier": NaN,
  "mean_max_prob_known": 0.2457948454508656,
  "mean_max_prob_outlier": NaN
}