{
  "0": {
    "precision": 0.5714285714285714,
    "recall": 0.8,
    "f1-score": 0.6666666666666666,
    "support": 5.0
  },
  "1": {
    "precision": 1.0,
    "recall": 0.2,
    "f1-score": 0.33333333333333337,
    "support": 5.0
  },
  "2": {
    "precision": 0.5,
    "recall": 1.0,
    "f1-score": 0.6666666666666666,
    "support": 1.0
  },
  "3": {
    "precision": 0.0,
    "recall": 0.0,
    "f1-score": 0.0,
    "support": 0.0
  },
  "4": {
    "precision": 0.0,
    "recall": 0.0,
    "f1-score": 0.0,
    "support": 1.0
  },
  "accuracy": 0.5,
  "macro avg": {
    "precision": 0.41428571428571426,
    "recall": 0.4,
    "f1-score": 0.3333333333333333,
    "support": 12.0
  },
  "weighted avg": {
    "precision": 0.6964285714285715,
    "recall": 0.5,
    "f1-score": 0.47222222222222227,
    "support": 12.0
  }
}