{
  "0": {
    "precision": 1.0,
    "recall": 1.0,
    "f1-score": 1.0,
    "support": 9.0
  },
  "1": {
    "precision": 1.0,
    "recall": 0.9,
    "f1-score": 0.9473684210526316,
    "support": 10.0
  },
  "2": {
    "precision": 0.8181818181818182,
    "recall": 0.9473684210526315,
    "f1-score": 0.8780487804878049,
    "support": 19.0
  },
  "3": {
    "precision": 0.9333333333333333,
    "recall": 0.8235294117647058,
    "f1-score": 0.8749999999999999,
    "support": 17.0
  },
  "4": {
    "precision": 1.0,
    "recall": 1.0,
    "f1-score": 1.0,
    "support": 19.0
  },
  "accuracy": 0.9324324324324325,
  "macro avg": {
    "precision": 0.9503030303030304,
    "recall": 0.9341795665634673,
    "f1-score": 0.9400834403080873,
    "support": 74.0
  },
  "weighted avg": {
    "precision": 0.9380016380016379,
    "recall": 0.9324324324324325,
    "f1-score": 0.9328596086458731,
    "support": 74.0
  }
}