{
  "mean_entropy": 0.16969921803605315,
  "mean_entropy_known": 0.16969921803605315,
  "mean_entropy_outlier": NaN,
  "mean_max_prob_known": 0.9441349546651583,
  "mean_max_prob_outlier": NaN
}