{
  "0": {
    "precision": 0.6428571428571429,
    "recall": 1.0,
    "f1-score": 0.782608695652174,
    "support": 9.0
  },
  "1": {
    "precision": 0.42105263157894735,
    "recall": 0.8,
    "f1-score": 0.5517241379310345,
    "support": 10.0
  },
  "2": {
    "precision": 0.8571428571428571,
    "recall": 0.631578947368421,
    "f1-score": 0.7272727272727273,
    "support": 19.0
  },
  "3": {
    "precision": 1.0,
    "recall": 0.4117647058823529,
    "f1-score": 0.5833333333333334,
    "support": 17.0
  },
  "4": {
    "precision": 0.6,
    "recall": 0.631578947368421,
    "f1-score": 0.6153846153846154,
    "support": 19.0
  },
  "accuracy": 0.6486486486486487,
  "macro avg": {
    "precision": 0.7042105263157895,
    "recall": 0.6949845201238389,
    "f1-score": 0.652064701914777,
    "support": 74.0
  },
  "weighted avg": {
    "precision": 0.7389453363137574,
    "recall": 0.6486486486486487,
    "f1-score": 0.6484848083423795,
    "support": 74.0
  }
}