{
  "mean_entropy": 1.0154689285602119,
  "mean_entropy_known": 1.0154689285602119,
  "mean_entropy_outlier": NaN,
  "mean_max_prob_known": 0.6209656600211118,
  "mean_max_prob_outlier": NaN
}