{
  "0": {
    "precision": 1.0,
    "recall": 1.0,
    "f1-score": 1.0,
    "support": 9.0
  },
  "1": {
    "precision": 1.0,
    "recall": 0.9,
    "f1-score": 0.9473684210526316,
    "support": 10.0
  },
  "2": {
    "precision": 0.7916666666666666,
    "recall": 1.0,
    "f1-score": 0.8837209302325582,
    "support": 19.0
  },
  "3": {
    "precision": 1.0,
    "recall": 0.8235294117647058,
    "f1-score": 0.9032258064516129,
    "support": 17.0
  },
  "4": {
    "precision": 1.0,
    "recall": 0.9473684210526315,
    "f1-score": 0.972972972972973,
    "support": 19.0
  },
  "accuracy": 0.9324324324324325,
  "macro avg": {
    "precision": 0.9583333333333333,
    "recall": 0.9341795665634676,
    "f1-score": 0.9414576261419552,
    "support": 74.0
  },
  "weighted avg": {
    "precision": 0.9465090090090089,
    "recall": 0.9324324324324325,
    "f1-score": 0.9338609065014707,
    "support": 74.0
  }
}