{
  "mean_entropy": 0.16408890862205866,
  "mean_entropy_known": 0.16408890862205866,
  "mean_entropy_outlier": NaN,
  "mean_max_prob_known": 0.9453009032719845,
  "mean_max_prob_outlier": NaN
}